Workbook
Name cd_Cats: OFFSET(Chart_Data!$B$2,0,0,COUNT(Chart_Data!$J$2:$J$401),1)
Name cd_Dates: OFFSET(Chart_Data!$C$2,0,0,COUNT(Chart_Data!$J$2:$J$401),1)
Name cd_DILRpc: OFFSET(Chart_Data!$G$2,0,0,COUNT(Chart_Data!$J$2:$J$401),1)
Name cd_DILRsc: OFFSET(Chart_Data!$F$2,0,0,COUNT(Chart_Data!$J$2:$J$401),1)
Name cd_Idx: OFFSET(Chart_Data!$A$2,0,0,COUNT(Chart_Data!$J$2:$J$401),1)
Name cd_Ovrpc: OFFSET(Chart_Data!$K$2,0,0,COUNT(Chart_Data!$J$2:$J$401),1)
Name cd_Ovrsc: OFFSET(Chart_Data!$J$2,0,0,COUNT(Chart_Data!$J$2:$J$401),1)
Name cd_QApc: OFFSET(Chart_Data!$I$2,0,0,COUNT(Chart_Data!$J$2:$J$401),1)
Name cd_QAsc: OFFSET(Chart_Data!$H$2,0,0,COUNT(Chart_Data!$J$2:$J$401),1)
Name cd_VARCpc: OFFSET(Chart_Data!$E$2,0,0,COUNT(Chart_Data!$J$2:$J$401),1)
Name cd_VARCsc: OFFSET(Chart_Data!$D$2,0,0,COUNT(Chart_Data!$J$2:$J$401),1)
Name cn_DILRpc: OFFSET(Chart_Data!$R$2,0,0,COUNT(Chart_Data!$J$2:$J$401),1)
Name cn_DILRsc: OFFSET(Chart_Data!$Q$2,0,0,COUNT(Chart_Data!$J$2:$J$401),1)
Name cn_Ovrpc: OFFSET(Chart_Data!$V$2,0,0,COUNT(Chart_Data!$J$2:$J$401),1)
Name cn_Ovrsc: OFFSET(Chart_Data!$U$2,0,0,COUNT(Chart_Data!$J$2:$J$401),1)
Name cn_QApc: OFFSET(Chart_Data!$T$2,0,0,COUNT(Chart_Data!$J$2:$J$401),1)
Name cn_QAsc: OFFSET(Chart_Data!$S$2,0,0,COUNT(Chart_Data!$J$2:$J$401),1)
Name cn_VARCpc: OFFSET(Chart_Data!$P$2,0,0,COUNT(Chart_Data!$J$2:$J$401),1)
Name cn_VARCsc: OFFSET(Chart_Data!$O$2,0,0,COUNT(Chart_Data!$J$2:$J$401),1)
Name lst_Analysis: OFFSET(Lists!$D$2,0,0,COUNTA(Lists!$D$2:$D$100),1)
Name lst_MockTypes: OFFSET(Lists!$C$2,0,0,COUNTA(Lists!$C$2:$C$100),1)
Name lst_Providers: OFFSET(Lists!$A$2,0,0,COUNTA(Lists!$A$2:$A$100),1)
Name lst_Series: OFFSET(Lists!$B$2,0,0,COUNTA(Lists!$B$2:$B$100),1)

Sheet Dashboard
A1: 🎯 CAT 2026 — Mock Analytics Dashboard | O1: ✦ Made by Devansh Gohil
A2: IMS SimCAT Schedule · CAT Date: 29 Nov 2026 · 150 pre-created rows · Formula-driven analytics
A3: =Calculations!B29 -> 111 | D3: =TEXT(Calculations!B23,"0")&" / "&TEXT(Calculations!B22,"0") -> 10 / 100 | G3: =TEXT(Calculations!B25,"0.0%") -> 10.0% | J3: =TEXT(Calculations!B26,"0")&" / "&TEXT(Calculations!B23,"0") -> 10 / 10 | M3: =TEXT(Calculations!B30,"DD-MMM-YYYY") -> 13-Jul-2026
A4: DAYS TO CAT | D4: COMPLETED / PLANNED | G4: COMPLETION RATE | J4: ANALYSED | M4: LAST ATTEMPTED
A6: ◈ Overall | E6: ◈ VARC | I6: ◈ DILR | M6: ◈ QA
A7: Metric | B7: Score | C7: %ile | D7: Δ | E7: Metric | F7: Score | G7: %ile | H7: Δ | I7: Metric | J7: Score | K7: %ile | L7: Δ | M7: Metric | N7: Score | O7: %ile | P7: Δ
A8: Latest | B8: =IFERROR(Calculations!B2,"—") -> 55 | C8: =IFERROR(Calculations!C2,"—") -> 79.22 | D8: =IFERROR(IF(Calculations!B2>=Calculations!B3,"▲","▼"),"—") -> ▼ | E8: Latest | F8: =IFERROR(Calculations!D2,"—") -> 20 | G8: =IFERROR(Calculations!E2,"—") -> 65.51 | H8: =IFERROR(IF(Calculations!D2>=Calculations!D3,"▲","▼"),"—") -> ▼ | I8: Latest | J8: =IFERROR(Calculations!F2,"—") -> 16 | K8: =IFERROR(Calculations!G2,"—") -> 83.74 | L8: =IFERROR(IF(Calculations!F2>=Calculations!F3,"▲","▼"),"—") -> ▼ | M8: Latest | N8: =IFERROR(Calculations!H2,"—") -> 19 | O8: =IFERROR(Calculations!I2,"—") -> 69.82 | P8: =IFERROR(IF(Calculations!H2>=Calculations!H3,"▲","▼"),"—") -> ▼ | R8: 🗓 Planned Mocks by Month
A9: Average | B9: =IFERROR(Calculations!B3,"—") -> 79.1 | C9: =IFERROR(Calculations!C3,"—") -> 92.015556 | E9: Average | F9: =IFERROR(Calculations!D3,"—") -> 38.4 | G9: =IFERROR(Calculations!E3,"—") -> 92.475556 | I9: Average | J9: =IFERROR(Calculations!F3,"—") -> 20.7 | K9: =IFERROR(Calculations!G3,"—") -> 77.814444 | M9: Average | N9: =IFERROR(Calculations!H3,"—") -> 20 | O9: =IFERROR(Calculations!I3,"—") -> 71.315556 | R9: Month | S9: Planned | T9: Done | U9: Pending | V9: % Done
A10: Median | B10: =IFERROR(Calculations!B4,"—") -> 82.5 | C10: =IFERROR(Calculations!C4,"—") -> 94.82 | E10: Median | F10: =IFERROR(Calculations!D4,"—") -> 37.5 | G10: =IFERROR(Calculations!E4,"—") -> 98.12 | I10: Median | J10: =IFERROR(Calculations!F4,"—") -> 22 | K10: =IFERROR(Calculations!G4,"—") -> 83.74 | M10: Median | N10: =IFERROR(Calculations!H4,"—") -> 20.5 | O10: =IFERROR(Calculations!I4,"—") -> 69.82 | R10: =IFERROR(EOMONTH(_xlfn.MINIFS('Mock Database'!$H$3:$H$152,'Mock Database'!$D$3:$D$152,"<>",'Mock Database'!$H$3:$H$152,">0"),-1)+1,"") -> 46113 | S10: =IF($R10="","",COUNTIFS('Mock Database'!$D$3:$D$152,"<>",'Mock Database'!$H$3:$H$152,">="&$R10,'Mock Database'!$H$3:$H$152,"<="&EOMONTH($R10,0))) -> 1 | T10: =IF($R10="","",COUNTIFS('Mock Database'!$D$3:$D$152,"<>",'Mock Database'!$H$3:$H$152,">="&$R10,'Mock Database'!$H$3:$H$152,"<="&EOMONTH($R10,0),'Mock Database'!$J$3:$J$152,"Completed")) -> 1 | U10: =IF($R10="","",$S10-$T10) -> 0 | V10: =IF($R10="","",IF($S10=0,"",$T10/$S10)) -> 1
A11: Highest | B11: =IFERROR(Calculations!B5,"—") -> 95 | C11: =IFERROR(Calculations!C5,"—") -> 98.37 | E11: Highest | F11: =IFERROR(Calculations!D5,"—") -> 50 | G11: =IFERROR(Calculations!E5,"—") -> 99.91 | I11: Highest | J11: =IFERROR(Calculations!F5,"—") -> 36 | K11: =IFERROR(Calculations!G5,"—") -> 94.69 | M11: Highest | N11: =IFERROR(Calculations!H5,"—") -> 36 | O11: =IFERROR(Calculations!I5,"—") -> 96.81 | R11: =IF($R10="","",IF(EOMONTH($R10,0)+1>_xlfn.MAXIFS('Mock Database'!$H$3:$H$152,'Mock Database'!$D$3:$D$152,"<>",'Mock Database'!$H$3:$H$152,">0"),"",EOMONTH($R10,0)+1)) -> 46143 | S11: =IF($R11="","",COUNTIFS('Mock Database'!$D$3:$D$152,"<>",'Mock Database'!$H$3:$H$152,">="&$R11,'Mock Database'!$H$3:$H$152,"<="&EOMONTH($R11,0))) -> 2 | T11: =IF($R11="","",COUNTIFS('Mock Database'!$D$3:$D$152,"<>",'Mock Database'!$H$3:$H$152,">="&$R11,'Mock Database'!$H$3:$H$152,"<="&EOMONTH($R11,0),'Mock Database'!$J$3:$J$152,"Completed")) -> 2 | U11: =IF($R11="","",$S11-$T11) -> 0 | V11: =IF($R11="","",IF($S11=0,"",$T11/$S11)) -> 1
A12: Lowest | B12: =IFERROR(Calculations!B6,"—") -> 55 | C12: =IFERROR(Calculations!C6,"—") -> 79.22 | E12: Lowest | F12: =IFERROR(Calculations!D6,"—") -> 20 | G12: =IFERROR(Calculations!E6,"—") -> 65.51 | I12: Lowest | J12: =IFERROR(Calculations!F6,"—") -> 3 | K12: =IFERROR(Calculations!G6,"—") -> 33.84 | M12: Lowest | N12: =IFERROR(Calculations!H6,"—") -> 10 | O12: =IFERROR(Calculations!I6,"—") -> 45.38 | R12: =IF($R11="","",IF(EOMONTH($R11,0)+1>_xlfn.MAXIFS('Mock Database'!$H$3:$H$152,'Mock Database'!$D$3:$D$152,"<>",'Mock Database'!$H$3:$H$152,">0"),"",EOMONTH($R11,0)+1)) -> 46174 | S12: =IF($R12="","",COUNTIFS('Mock Database'!$D$3:$D$152,"<>",'Mock Database'!$H$3:$H$152,">="&$R12,'Mock Database'!$H$3:$H$152,"<="&EOMONTH($R12,0))) -> 6 | T12: =IF($R12="","",COUNTIFS('Mock Database'!$D$3:$D$152,"<>",'Mock Database'!$H$3:$H$152,">="&$R12,'Mock Database'!$H$3:$H$152,"<="&EOMONTH($R12,0),'Mock Database'!$J$3:$J$152,"Completed")) -> 6 | U12: =IF($R12="","",$S12-$T12) -> 0 | V12: =IF($R12="","",IF($S12=0,"",$T12/$S12)) -> 1
A13: Std Dev | B13: =IFERROR(Calculations!B8,"—") -> 12.059574 | C13: =IFERROR(Calculations!C8,"—") -> 6.4978056 | E13: Std Dev | F13: =IFERROR(Calculations!D8,"—") -> 9.9129545 | G13: =IFERROR(Calculations!E8,"—") -> 11.02697 | I13: Std Dev | J13: =IFERROR(Calculations!F8,"—") -> 9.345825 | K13: =IFERROR(Calculations!G8,"—") -> 19.426395 | M13: Std Dev | N13: =IFERROR(Calculations!H8,"—") -> 7.8031333 | O13: =IFERROR(Calculations!I8,"—") -> 15.920514 | R13: =IF($R12="","",IF(EOMONTH($R12,0)+1>_xlfn.MAXIFS('Mock Database'!$H$3:$H$152,'Mock Database'!$D$3:$D$152,"<>",'Mock Database'!$H$3:$H$152,">0"),"",EOMONTH($R12,0)+1)) -> 46204 | S13: =IF($R13="","",COUNTIFS('Mock Database'!$D$3:$D$152,"<>",'Mock Database'!$H$3:$H$152,">="&$R13,'Mock Database'!$H$3:$H$152,"<="&EOMONTH($R13,0))) -> 11 | T13: =IF($R13="","",COUNTIFS('Mock Database'!$D$3:$D$152,"<>",'Mock Database'!$H$3:$H$152,">="&$R13,'Mock Database'!$H$3:$H$152,"<="&EOMONTH($R13,0),'Mock Database'!$J$3:$J$152,"Completed")) -> 1 | U13: =IF($R13="","",$S13-$T13) -> 10 | V13: =IF($R13="","",IF($S13=0,"",$T13/$S13)) -> 0.090909091
A14: Roll Avg 5 | B14: =IFERROR(Calculations!B9,"—") -> 75.8 | C14: =IFERROR(Calculations!C9,"—") -> 92.3775 | E14: Roll Avg 5 | F14: =IFERROR(Calculations!D9,"—") -> 37.2 | G14: =IFERROR(Calculations!E9,"—") -> 90.79 | I14: Roll Avg 5 | J14: =IFERROR(Calculations!F9,"—") -> 16.8 | K14: =IFERROR(Calculations!G9,"—") -> 67.3375 | M14: Roll Avg 5 | N14: =IFERROR(Calculations!H9,"—") -> 21.8 | O14: =IFERROR(Calculations!I9,"—") -> 73.785 | R14: =IF($R13="","",IF(EOMONTH($R13,0)+1>_xlfn.MAXIFS('Mock Database'!$H$3:$H$152,'Mock Database'!$D$3:$D$152,"<>",'Mock Database'!$H$3:$H$152,">0"),"",EOMONTH($R13,0)+1)) -> 46235 | S14: =IF($R14="","",COUNTIFS('Mock Database'!$D$3:$D$152,"<>",'Mock Database'!$H$3:$H$152,">="&$R14,'Mock Database'!$H$3:$H$152,"<="&EOMONTH($R14,0))) -> 19 | T14: =IF($R14="","",COUNTIFS('Mock Database'!$D$3:$D$152,"<>",'Mock Database'!$H$3:$H$152,">="&$R14,'Mock Database'!$H$3:$H$152,"<="&EOMONTH($R14,0),'Mock Database'!$J$3:$J$152,"Completed")) -> 0 | U14: =IF($R14="","",$S14-$T14) -> 19 | V14: =IF($R14="","",IF($S14=0,"",$T14/$S14)) -> 0
A15: Roll Avg 10 | B15: =IFERROR(Calculations!B10,"—") -> 79.1 | C15: =IFERROR(Calculations!C10,"—") -> 92.015556 | E15: Roll Avg 10 | F15: =IFERROR(Calculations!D10,"—") -> 38.4 | G15: =IFERROR(Calculations!E10,"—") -> 92.475556 | I15: Roll Avg 10 | J15: =IFERROR(Calculations!F10,"—") -> 20.7 | K15: =IFERROR(Calculations!G10,"—") -> 77.814444 | M15: Roll Avg 10 | N15: =IFERROR(Calculations!H10,"—") -> 20 | O15: =IFERROR(Calculations!I10,"—") -> 71.315556 | R15: =IF($R14="","",IF(EOMONTH($R14,0)+1>_xlfn.MAXIFS('Mock Database'!$H$3:$H$152,'Mock Database'!$D$3:$D$152,"<>",'Mock Database'!$H$3:$H$152,">0"),"",EOMONTH($R14,0)+1)) -> 46266 | S15: =IF($R15="","",COUNTIFS('Mock Database'!$D$3:$D$152,"<>",'Mock Database'!$H$3:$H$152,">="&$R15,'Mock Database'!$H$3:$H$152,"<="&EOMONTH($R15,0))) -> 13 | T15: =IF($R15="","",COUNTIFS('Mock Database'!$D$3:$D$152,"<>",'Mock Database'!$H$3:$H$152,">="&$R15,'Mock Database'!$H$3:$H$152,"<="&EOMONTH($R15,0),'Mock Database'!$J$3:$J$152,"Completed")) -> 0 | U15: =IF($R15="","",$S15-$T15) -> 13 | V15: =IF($R15="","",IF($S15=0,"",$T15/$S15)) -> 0
A16: Improvement | B16: =IFERROR(Calculations!B11,"—") -> -21 | C16: =IFERROR(Calculations!C11,"—") -> -9.7 | D16: =IFERROR(IF(Calculations!B11>=0,"▲","▼"),"—") -> ▼ | E16: Improvement | F16: =IFERROR(Calculations!D11,"—") -> -11 | G16: =IFERROR(Calculations!E11,"—") -> -22.51 | H16: =IFERROR(IF(Calculations!D11>=0,"▲","▼"),"—") -> ▼ | I16: Improvement | J16: =IFERROR(Calculations!F11,"—") -> -8 | K16: =IFERROR(Calculations!G11,"—") -> -6.3 | L16: =IFERROR(IF(Calculations!F11>=0,"▲","▼"),"—") -> ▼ | M16: Improvement | N16: =IFERROR(Calculations!H11,"—") -> -2 | O16: =IFERROR(Calculations!I11,"—") -> 0.01 | P16: =IFERROR(IF(Calculations!H11>=0,"▲","▼"),"—") -> ▼ | R16: =IF($R15="","",IF(EOMONTH($R15,0)+1>_xlfn.MAXIFS('Mock Database'!$H$3:$H$152,'Mock Database'!$D$3:$D$152,"<>",'Mock Database'!$H$3:$H$152,">0"),"",EOMONTH($R15,0)+1)) -> 46296 | S16: =IF($R16="","",COUNTIFS('Mock Database'!$D$3:$D$152,"<>",'Mock Database'!$H$3:$H$152,">="&$R16,'Mock Database'!$H$3:$H$152,"<="&EOMONTH($R16,0))) -> 25 | T16: =IF($R16="","",COUNTIFS('Mock Database'!$D$3:$D$152,"<>",'Mock Database'!$H$3:$H$152,">="&$R16,'Mock Database'!$H$3:$H$152,"<="&EOMONTH($R16,0),'Mock Database'!$J$3:$J$152,"Completed")) -> 0 | U16: =IF($R16="","",$S16-$T16) -> 25 | V16: =IF($R16="","",IF($S16=0,"",$T16/$S16)) -> 0
A17: Trend / mock | B17: =IFERROR(Calculations!B32,"—") -> -1.5212121 | C17: =IFERROR(Calculations!C32,"—") -> -0.41654839 | D17: =IFERROR(IF(Calculations!B32>=0,"▲","▼"),"—") -> ▼ | E17: Trend / mock | F17: =IFERROR(Calculations!D32,"—") -> -0.83636364 | G17: =IFERROR(Calculations!E32,"—") -> -1.3071129 | H17: =IFERROR(IF(Calculations!D32>=0,"▲","▼"),"—") -> ▼ | I17: Trend / mock | J17: =IFERROR(Calculations!F32,"—") -> -1.2181818 | K17: =IFERROR(Calculations!G32,"—") -> -2.5792903 | L17: =IFERROR(IF(Calculations!F32>=0,"▲","▼"),"—") -> ▼ | M17: Trend / mock | N17: =IFERROR(Calculations!H32,"—") -> 0.53333333 | O17: =IFERROR(Calculations!I32,"—") -> 0.66185484 | P17: =IFERROR(IF(Calculations!H32>=0,"▲","▼"),"—") -> ▲ | R17: =IF($R16="","",IF(EOMONTH($R16,0)+1>_xlfn.MAXIFS('Mock Database'!$H$3:$H$152,'Mock Database'!$D$3:$D$152,"<>",'Mock Database'!$H$3:$H$152,">0"),"",EOMONTH($R16,0)+1)) -> 46327 | S17: =IF($R17="","",COUNTIFS('Mock Database'!$D$3:$D$152,"<>",'Mock Database'!$H$3:$H$152,">="&$R17,'Mock Database'!$H$3:$H$152,"<="&EOMONTH($R17,0))) -> 23 | T17: =IF($R17="","",COUNTIFS('Mock Database'!$D$3:$D$152,"<>",'Mock Database'!$H$3:$H$152,">="&$R17,'Mock Database'!$H$3:$H$152,"<="&EOMONTH($R17,0),'Mock Database'!$J$3:$J$152,"Completed")) -> 0 | U17: =IF($R17="","",$S17-$T17) -> 23 | V17: =IF($R17="","",IF($S17=0,"",$T17/$S17)) -> 0
A18: Consistency | B18: =IFERROR(Calculations!B16,"—") -> 84.754015 | C18: =IFERROR(Calculations!C16,"—") -> 92.938362 | D18: =IFERROR(IF(Calculations!B16>=90,"●●●",IF(Calculations!B16>=75,"●●○","●○○")),"—") -> ●●○ | E18: Consistency | F18: =IFERROR(Calculations!D16,"—") -> 74.185014 | G18: =IFERROR(Calculations!E16,"—") -> 88.0758 | H18: =IFERROR(IF(Calculations!D16>=90,"●●●",IF(Calculations!D16>=75,"●●○","●○○")),"—") -> ●○○ | I18: Consistency | J18: =IFERROR(Calculations!F16,"—") -> 54.851087 | K18: =IFERROR(Calculations!G16,"—") -> 75.034975 | L18: =IFERROR(IF(Calculations!F16>=90,"●●●",IF(Calculations!F16>=75,"●●○","●○○")),"—") -> ●○○ | M18: Consistency | N18: =IFERROR(Calculations!H16,"—") -> 60.984334 | O18: =IFERROR(Calculations!I16,"—") -> 77.675959 | P18: =IFERROR(IF(Calculations!H16>=90,"●●●",IF(Calculations!H16>=75,"●●○","●○○")),"—") -> ●○○ | R18: =IF($R17="","",IF(EOMONTH($R17,0)+1>_xlfn.MAXIFS('Mock Database'!$H$3:$H$152,'Mock Database'!$D$3:$D$152,"<>",'Mock Database'!$H$3:$H$152,">0"),"",EOMONTH($R17,0)+1)) | S18: =IF($R18="","",COUNTIFS('Mock Database'!$D$3:$D$152,"<>",'Mock Database'!$H$3:$H$152,">="&$R18,'Mock Database'!$H$3:$H$152,"<="&EOMONTH($R18,0))) | T18: =IF($R18="","",COUNTIFS('Mock Database'!$D$3:$D$152,"<>",'Mock Database'!$H$3:$H$152,">="&$R18,'Mock Database'!$H$3:$H$152,"<="&EOMONTH($R18,0),'Mock Database'!$J$3:$J$152,"Completed")) | U18: =IF($R18="","",$S18-$T18) | V18: =IF($R18="","",IF($S18=0,"",$T18/$S18))
A19: =IFERROR(" ◈ Strongest: "&Calculations!B18&" · Weakest: "&Calculations!B19&" · Most Improved: "&Calculations!B20," Enter scores to see section insights") -> ◈ Strongest: VARC · Weakest: QA · Most Improved: QA | I19: =IFERROR(" ◈ Projected next overall: "&ROUND(Calculations!B33,0)&" · Trend "&TEXT(Calculations!B32,"+0.0;-0.0")&" pts/mock · Target "&TEXT(Calculations!B38,"0.0")&" %ile: "&Calculations!E38&" · GP Avg (r="&TEXT(Calculations!B42,"0.000")&"): "&TEXT(Calculations!B35,"0.0")," —") -> ◈ Projected next overall: 71 · Trend -1.5 pts/mock · Target 99.9 %ile: Behind · GP Avg (r=0.945): 78.4 | R19: Total | S19: =SUM($S$10:$S$18) -> 100 | T19: =SUM($T$10:$T$18) -> 10 | U19: =SUM($U$10:$U$18) -> 90 | V19: =IF($S$19=0,"",$T$19/$S$19) -> 0.1
A21: 📊 Preparation Progress
A22: =TEXT(Calculations!B25,"0.0%") -> 10.0% | E22: =TEXT(Calculations!B28,"0.0%") -> 100.0% | I22: =Calculations!B24 -> 90 | M22: =Calculations!B27 -> 0
A23: COMPLETION RATE | E23: ANALYSIS RATE | I23: REMAINING MOCKS | M23: ANALYSIS PENDING
A25: 📈 Performance Charts — Auto-update as scores are entered · 150 rows pre-created | R25: 🔎 Mock Index — every graphed metric, by attempt #
A26: ★ Made by Devansh Gohil · CAT 2026 Analytics · Formula-driven · Excel & Google Sheets compatible · 150 mock rows pre-created | R26: Mock | U26: VARC | W26: DILR | Y26: QA | AA26: Overall
R27: # | S27: Mock | T27: Date | U27: Score | V27: %ile | W27: Score | X27: %ile | Y27: Score | Z27: %ile | AA27: Score | AB27: %ile
R28: {=_xlfn._xlws.FILTER(Chart_Data!$A$2:$A$401,Chart_Data!$B$2:$B$401<>"","")} -> 1 | S28: {=_xlfn._xlws.FILTER(Chart_Data!$B$2:$B$401,Chart_Data!$B$2:$B$401<>"","")} -> SimCAT 1 | T28: {=_xlfn._xlws.FILTER(Chart_Data!$C$2:$C$401,Chart_Data!$B$2:$B$401<>"","")} -> 46137 | U28: {=_xlfn._xlws.FILTER(Chart_Data!$D$2:$D$401,Chart_Data!$B$2:$B$401<>"","")} -> 31 | V28: {=_xlfn._xlws.FILTER(Chart_Data!$E$2:$E$401,Chart_Data!$B$2:$B$401<>"","")} -> 88.02 | W28: {=_xlfn._xlws.FILTER(Chart_Data!$F$2:$F$401,Chart_Data!$B$2:$B$401<>"","")} -> 24 | X28: {=_xlfn._xlws.FILTER(Chart_Data!$G$2:$G$401,Chart_Data!$B$2:$B$401<>"","")} -> 90.04 | Y28: {=_xlfn._xlws.FILTER(Chart_Data!$H$2:$H$401,Chart_Data!$B$2:$B$401<>"","")} -> 21 | Z28: {=_xlfn._xlws.FILTER(Chart_Data!$I$2:$I$401,Chart_Data!$B$2:$B$401<>"","")} -> 69.81 | AA28: {=_xlfn._xlws.FILTER(Chart_Data!$J$2:$J$401,Chart_Data!$B$2:$B$401<>"","")} -> 76 | AB28: {=_xlfn._xlws.FILTER(Chart_Data!$K$2:$K$401,Chart_Data!$B$2:$B$401<>"","")} -> 88.92
R29: 2 | S29: SimCAT 2 | T29: 46172 | U29: 35 | V29: 92.72 | W29: 36 | X29: 94.69 | Y29: 24 | Z29: 85.41 | AA29: 95 | AB29: 94.98
R30: 3 | S30: SimCAT 3 | T30: 46173 | U30: 49 | V30: 99.09 | W30: 21 | X30: 91.49 | Y30: 13 | Z30: 62.2 | AA30: 83 | AB30: 95.61
R31: 4 | S31: Take Home 1 | T31: 46179 | U31: 34 | V31: 90.5 | W31: 13 | X31: 62.87 | Y31: 23 | Z31: 74.39 | AA31: 70 | AB31: 84.3
R32: 5 | S32: SimCAT 4 | T32: 46186 | U32: 49 | V32: 98.79 | W32: 29 | X32: 91.89 | Y32: 10 | Z32: 54.89 | AA32: 88 | AB32: 94.82
R33: 6 | S33: Take Home 2 | T33: 46191 | U33: 50 | V33: 99.62 | W33: 23 | X33: 75.74 | Y33: 10 | Z33: 45.38 | AA33: 83 | AB33: 94.57
R34: 7 | S34: Take Home 3 | T34: 46198 | U34: 45 | V34: 99.91 | W34: 3 | X34: 33.84 | Y34: 20 | Z34: 83.13 | AA34: 68 | AB34: 98.37
R35: 8 | S35: SimCAT 5 | T35: 46201 | U35: 40 | V35: 98.12 | W35: 15 | X35: 76.03 | Y35: 36 | Z35: 96.81 | AA35: 91 | AB35: 97.35
R36: 9 | S36: CAT 2021 Slot 1 | T36: 46204 | U36: 31 | W36: 27 | Y36: 24 | AA36: 82
R37: 10 | S37: Take Home 4 | T37: 46216 | U37: 20 | V37: 65.51 | W37: 16 | X37: 83.74 | Y37: 19 | Z37: 69.82 | AA37: 55 | AB37: 79.22

Sheet Lists
A1: Providers | B1: Series | C1: MockTypes | D1: AnalysisDone
A2: IMS | B2: SimCAT | C2: Proctored | D2: Yes
A3: Cracku | B3: Take Home | C3: Take Home | D3: No
A4: Arun Sharma | B4: Previous CAT | C4: Past CAT Paper
A5: TIME | B5: DashCAT
A6: Career Launcher | B6: Headstart CAT
A7: Rodha | B7: Others
A8: Others

Sheet Mock Database
A1: CAT 2026 — Mock Database | Single Source of Truth | Made by Devansh Gohil
A2: Mock No | B2: Planned Order | C2: Attempt Order | D2: Test Name | E2: Provider | F2: Series | G2: Mock Type | H2: Planned Date | I2: Actual Date | J2: Status | K2: Analysis Done | L2: Notes | M2: VARC Score | N2: VARC %ile | O2: VARC Attempts | P2: VARC Correct | Q2: VARC Incorrect | R2: VARC Accuracy | S2: DILR Score | T2: DILR %ile | U2: DILR Attempts | V2: DILR Correct | W2: DILR Incorrect | X2: DILR Accuracy | Y2: QA Score | Z2: QA %ile | AA2: QA Attempts | AB2: QA Correct | AC2: QA Incorrect | AD2: QA Accuracy | AE2: Ovr Score | AF2: Ovr %ile | AG2: Ovr Attempts | AH2: Ovr Correct | AI2: Ovr Incorrect | AJ2: Ovr Accuracy
A3: 1 | B3: =IFERROR(IF(H3<>"",RANK(H3,$H$3:$H$400,1),""),"") -> 1 | C3: =IFERROR(IF(J3="Completed",COUNTIFS(J$3:J$400,"Completed",I$3:I$400,"<"&I3,I$3:I$400,"<>"&"")+COUNTIFS(J$3:J$400,"Completed",I$3:I$400,"="&I3,A$3:A$400,"<="&A3,I$3:I$400,"<>"&""),""),"") -> 1 | D3: SimCAT 1 | E3: IMS | F3: SimCAT | G3: Proctored | H3: 46137 | I3: 46137 | J3: =IF(I3<>"","Completed","Pending") -> Completed | K3: Yes | M3: 31 | N3: 88.02 | O3: 24 | P3: 13 | Q3: =IF(COUNT(O3,P3)=2, O3-P3, "") -> 11 | R3: =IFERROR(P3/O3,"") -> 0.54166667 | S3: 24 | T3: 90.04 | U3: 11 | V3: 8 | W3: =IF(COUNT(U3,V3)=2, U3-V3, "") -> 3 | X3: =IFERROR(V3/U3,"") -> 0.72727273 | Y3: 21 | Z3: 69.81 | AA3: 9 | AB3: 7 | AC3: =IF(COUNT(AA3,AB3)=2, AA3-AB3, "") -> 2 | AD3: =IFERROR(AB3/AA3,"") -> 0.77777778 | AE3: =IF(AND(M3="",S3="",Y3=""),"",IFERROR(M3+S3+Y3,"")) -> 76 | AF3: 88.92 | AG3: =IF(AND(O3="",U3="",AA3=""),"",IFERROR(O3+U3+AA3,"")) -> 44 | AH3: =IF(AND(P3="",V3="",AB3=""),"",IFERROR(P3+V3+AB3,"")) -> 28 | AI3: =IF(AND(Q3="",W3="",AC3=""),"",IFERROR(Q3+W3+AC3,"")) -> 16 | AJ3: =IFERROR(AH3/AG3,"") -> 0.63636364
A4: 2 | B4: =IFERROR(IF(H4<>"",RANK(H4,$H$3:$H$400,1),""),"") -> 2 | C4: =IFERROR(IF(J4="Completed",COUNTIFS(J$3:J$400,"Completed",I$3:I$400,"<"&I4,I$3:I$400,"<>"&"")+COUNTIFS(J$3:J$400,"Completed",I$3:I$400,"="&I4,A$3:A$400,"<="&A4,I$3:I$400,"<>"&""),""),"") -> 2 | D4: SimCAT 2 | E4: IMS | F4: SimCAT | G4: Proctored | H4: 46172 | I4: 46172 | J4: =IF(I4<>"","Completed","Pending") -> Completed | K4: Yes | M4: 35 | N4: 92.72 | O4: 24 | P4: 14 | Q4: =IF(COUNT(O4,P4)=2, O4-P4, "") -> 10 | R4: =IFERROR(P4/O4,"") -> 0.58333333 | S4: 36 | T4: 94.69 | U4: 12 | V4: 12 | W4: =IF(COUNT(U4,V4)=2, U4-V4, "") -> 0 | X4: =IFERROR(V4/U4,"") -> 1 | Y4: 24 | Z4: 85.41 | AA4: 8 | AB4: 8 | AC4: =IF(COUNT(AA4,AB4)=2, AA4-AB4, "") -> 0 | AD4: =IFERROR(AB4/AA4,"") -> 1 | AE4: =IF(AND(M4="",S4="",Y4=""),"",IFERROR(M4+S4+Y4,"")) -> 95 | AF4: 94.98 | AG4: =IF(AND(O4="",U4="",AA4=""),"",IFERROR(O4+U4+AA4,"")) -> 44 | AH4: =IF(AND(P4="",V4="",AB4=""),"",IFERROR(P4+V4+AB4,"")) -> 34 | AI4: =IF(AND(Q4="",W4="",AC4=""),"",IFERROR(Q4+W4+AC4,"")) -> 10 | AJ4: =IFERROR(AH4/AG4,"") -> 0.77272727
A5: 3 | B5: =IFERROR(IF(H5<>"",RANK(H5,$H$3:$H$400,1),""),"") -> 3 | C5: =IFERROR(IF(J5="Completed",COUNTIFS(J$3:J$400,"Completed",I$3:I$400,"<"&I5,I$3:I$400,"<>"&"")+COUNTIFS(J$3:J$400,"Completed",I$3:I$400,"="&I5,A$3:A$400,"<="&A5,I$3:I$400,"<>"&""),""),"") -> 3 | D5: SimCAT 3 | E5: IMS | F5: SimCAT | G5: Proctored | H5: 46173 | I5: 46173 | J5: =IF(I5<>"","Completed","Pending") -> Completed | K5: Yes | M5: 49 | N5: 99.09 | O5: 24 | P5: 18 | Q5: =IF(COUNT(O5,P5)=2, O5-P5, "") -> 6 | R5: =IFERROR(P5/O5,"") -> 0.75 | S5: 21 | T5: 91.49 | U5: 9 | V5: 7 | W5: =IF(COUNT(U5,V5)=2, U5-V5, "") -> 2 | X5: =IFERROR(V5/U5,"") -> 0.77777778 | Y5: 13 | Z5: 62.2 | AA5: 8 | AB5: 5 | AC5: =IF(COUNT(AA5,AB5)=2, AA5-AB5, "") -> 3 | AD5: =IFERROR(AB5/AA5,"") -> 0.625 | AE5: =IF(AND(M5="",S5="",Y5=""),"",IFERROR(M5+S5+Y5,"")) -> 83 | AF5: 95.61 | AG5: =IF(AND(O5="",U5="",AA5=""),"",IFERROR(O5+U5+AA5,"")) -> 41 | AH5: =IF(AND(P5="",V5="",AB5=""),"",IFERROR(P5+V5+AB5,"")) -> 30 | AI5: =IF(AND(Q5="",W5="",AC5=""),"",IFERROR(Q5+W5+AC5,"")) -> 11 | AJ5: =IFERROR(AH5/AG5,"") -> 0.73170732
A6: 4 | B6: =IFERROR(IF(H6<>"",RANK(H6,$H$3:$H$400,1),""),"") -> 4 | C6: =IFERROR(IF(J6="Completed",COUNTIFS(J$3:J$400,"Completed",I$3:I$400,"<"&I6,I$3:I$400,"<>"&"")+COUNTIFS(J$3:J$400,"Completed",I$3:I$400,"="&I6,A$3:A$400,"<="&A6,I$3:I$400,"<>"&""),""),"") -> 4 | D6: Take Home 1 | E6: IMS | F6: Take Home | G6: Take Home | H6: 46179 | I6: 46179 | J6: =IF(I6<>"","Completed","Pending") -> Completed | K6: Yes | M6: 34 | N6: 90.5 | O6: 24 | P6: 14 | Q6: =IF(COUNT(O6,P6)=2, O6-P6, "") -> 10 | R6: =IFERROR(P6/O6,"") -> 0.58333333 | S6: 13 | T6: 62.87 | U6: 8 | V6: 5 | W6: =IF(COUNT(U6,V6)=2, U6-V6, "") -> 3 | X6: =IFERROR(V6/U6,"") -> 0.625 | Y6: 23 | Z6: 74.39 | AA6: 9 | AB6: 8 | AC6: =IF(COUNT(AA6,AB6)=2, AA6-AB6, "") -> 1 | AD6: =IFERROR(AB6/AA6,"") -> 0.88888889 | AE6: =IF(AND(M6="",S6="",Y6=""),"",IFERROR(M6+S6+Y6,"")) -> 70 | AF6: 84.3 | AG6: =IF(AND(O6="",U6="",AA6=""),"",IFERROR(O6+U6+AA6,"")) -> 41 | AH6: =IF(AND(P6="",V6="",AB6=""),"",IFERROR(P6+V6+AB6,"")) -> 27 | AI6: =IF(AND(Q6="",W6="",AC6=""),"",IFERROR(Q6+W6+AC6,"")) -> 14 | AJ6: =IFERROR(AH6/AG6,"") -> 0.65853659
A7: 5 | B7: =IFERROR(IF(H7<>"",RANK(H7,$H$3:$H$400,1),""),"") -> 5 | C7: =IFERROR(IF(J7="Completed",COUNTIFS(J$3:J$400,"Completed",I$3:I$400,"<"&I7,I$3:I$400,"<>"&"")+COUNTIFS(J$3:J$400,"Completed",I$3:I$400,"="&I7,A$3:A$400,"<="&A7,I$3:I$400,"<>"&""),""),"") -> 5 | D7: SimCAT 4 | E7: IMS | F7: SimCAT | G7: Proctored | H7: 46186 | I7: 46186 | J7: =IF(I7<>"","Completed","Pending") -> Completed | K7: Yes | M7: 49 | N7: 98.79 | O7: 24 | P7: 18 | Q7: =IF(COUNT(O7,P7)=2, O7-P7, "") -> 6 | R7: =IFERROR(P7/O7,"") -> 0.75 | S7: 29 | T7: 91.89 | U7: 12 | V7: 10 | W7: =IF(COUNT(U7,V7)=2, U7-V7, "") -> 2 | X7: =IFERROR(V7/U7,"") -> 0.83333333 | Y7: 10 | Z7: 54.89 | AA7: 10 | AB7: 4 | AC7: =IF(COUNT(AA7,AB7)=2, AA7-AB7, "") -> 6 | AD7: =IFERROR(AB7/AA7,"") -> 0.4 | AE7: =IF(AND(M7="",S7="",Y7=""),"",IFERROR(M7+S7+Y7,"")) -> 88 | AF7: 94.82 | AG7: =IF(AND(O7="",U7="",AA7=""),"",IFERROR(O7+U7+AA7,"")) -> 46 | AH7: =IF(AND(P7="",V7="",AB7=""),"",IFERROR(P7+V7+AB7,"")) -> 32 | AI7: =IF(AND(Q7="",W7="",AC7=""),"",IFERROR(Q7+W7+AC7,"")) -> 14 | AJ7: =IFERROR(AH7/AG7,"") -> 0.69565217
A8: 6 | B8: =IFERROR(IF(H8<>"",RANK(H8,$H$3:$H$400,1),""),"") -> 6 | C8: =IFERROR(IF(J8="Completed",COUNTIFS(J$3:J$400,"Completed",I$3:I$400,"<"&I8,I$3:I$400,"<>"&"")+COUNTIFS(J$3:J$400,"Completed",I$3:I$400,"="&I8,A$3:A$400,"<="&A8,I$3:I$400,"<>"&""),""),"") -> 6 | D8: Take Home 2 | E8: IMS | F8: Take Home | G8: Take Home | H8: 46191 | I8: 46191 | J8: =IF(I8<>"","Completed","Pending") -> Completed | K8: Yes | M8: 50 | N8: 99.62 | O8: 24 | P8: 18 | Q8: =IF(COUNT(O8,P8)=2, O8-P8, "") -> 6 | R8: =IFERROR(P8/O8,"") -> 0.75 | S8: 23 | T8: 75.74 | U8: 9 | V8: 8 | W8: =IF(COUNT(U8,V8)=2, U8-V8, "") -> 1 | X8: =IFERROR(V8/U8,"") -> 0.88888889 | Y8: 10 | Z8: 45.38 | AA8: 10 | AB8: 4 | AC8: =IF(COUNT(AA8,AB8)=2, AA8-AB8, "") -> 6 | AD8: =IFERROR(AB8/AA8,"") -> 0.4 | AE8: =IF(AND(M8="",S8="",Y8=""),"",IFERROR(M8+S8+Y8,"")) -> 83 | AF8: 94.57 | AG8: =IF(AND(O8="",U8="",AA8=""),"",IFERROR(O8+U8+AA8,"")) -> 43 | AH8: =IF(AND(P8="",V8="",AB8=""),"",IFERROR(P8+V8+AB8,"")) -> 30 | AI8: =IF(AND(Q8="",W8="",AC8=""),"",IFERROR(Q8+W8+AC8,"")) -> 13 | AJ8: =IFERROR(AH8/AG8,"") -> 0.69767442
A9: 7 | B9: =IFERROR(IF(H9<>"",RANK(H9,$H$3:$H$400,1),""),"") -> 7 | C9: =IFERROR(IF(J9="Completed",COUNTIFS(J$3:J$400,"Completed",I$3:I$400,"<"&I9,I$3:I$400,"<>"&"")+COUNTIFS(J$3:J$400,"Completed",I$3:I$400,"="&I9,A$3:A$400,"<="&A9,I$3:I$400,"<>"&""),""),"") -> 9 | D9: CAT 2021 Slot 1 | E9: IMS | F9: Previous CAT | G9: Past CAT Paper | H9: 46193 | I9: 46204 | J9: =IF(I9<>"","Completed","Pending") -> Completed | K9: Yes | M9: 31 | O9: 24 | P9: 14 | Q9: =IF(COUNT(O9,P9)=2, O9-P9, "") -> 10 | R9: =IFERROR(P9/O9,"") -> 0.58333333 | S9: 27 | U9: 12 | V9: 9 | W9: =IF(COUNT(U9,V9)=2, U9-V9, "") -> 3 | X9: =IFERROR(V9/U9,"") -> 0.75 | Y9: 24 | AA9: 14 | AB9: 8 | AC9: =IF(COUNT(AA9,AB9)=2, AA9-AB9, "") -> 6 | AD9: =IFERROR(AB9/AA9,"") -> 0.57142857 | AE9: =IF(AND(M9="",S9="",Y9=""),"",IFERROR(M9+S9+Y9,"")) -> 82 | AG9: =IF(AND(O9="",U9="",AA9=""),"",IFERROR(O9+U9+AA9,"")) -> 50 | AH9: =IF(AND(P9="",V9="",AB9=""),"",IFERROR(P9+V9+AB9,"")) -> 31 | AI9: =IF(AND(Q9="",W9="",AC9=""),"",IFERROR(Q9+W9+AC9,"")) -> 19 | AJ9: =IFERROR(AH9/AG9,"") -> 0.62
A10: 8 | B10: =IFERROR(IF(H10<>"",RANK(H10,$H$3:$H$400,1),""),"") -> 8 | C10: =IFERROR(IF(J10="Completed",COUNTIFS(J$3:J$400,"Completed",I$3:I$400,"<"&I10,I$3:I$400,"<>"&"")+COUNTIFS(J$3:J$400,"Completed",I$3:I$400,"="&I10,A$3:A$400,"<="&A10,I$3:I$400,"<>"&""),""),"") -> 7 | D10: Take Home 3 | E10: IMS | F10: Take Home | G10: Take Home | H10: 46198 | I10: 46198 | J10: =IF(I10<>"","Completed","Pending") -> Completed | K10: Yes | M10: 45 | N10: 99.91 | O10: 24 | P10: 17 | Q10: =IF(COUNT(O10,P10)=2, O10-P10, "") -> 7 | R10: =IFERROR(P10/O10,"") -> 0.70833333 | S10: 3 | T10: 33.84 | U10: 9 | V10: 2 | W10: =IF(COUNT(U10,V10)=2, U10-V10, "") -> 7 | X10: =IFERROR(V10/U10,"") -> 0.22222222 | Y10: 20 | Z10: 83.13 | AA10: 13 | AB10: 7 | AC10: =IF(COUNT(AA10,AB10)=2, AA10-AB10, "") -> 6 | AD10: =IFERROR(AB10/AA10,"") -> 0.53846154 | AE10: =IF(AND(M10="",S10="",Y10=""),"",IFERROR(M10+S10+Y10,"")) -> 68 | AF10: 98.37 | AG10: =IF(AND(O10="",U10="",AA10=""),"",IFERROR(O10+U10+AA10,"")) -> 46 | AH10: =IF(AND(P10="",V10="",AB10=""),"",IFERROR(P10+V10+AB10,"")) -> 26 | AI10: =IF(AND(Q10="",W10="",AC10=""),"",IFERROR(Q10+W10+AC10,"")) -> 20 | AJ10: =IFERROR(AH10/AG10,"") -> 0.56521739
A11: 9 | B11: =IFERROR(IF(H11<>"",RANK(H11,$H$3:$H$400,1),""),"") -> 9 | C11: =IFERROR(IF(J11="Completed",COUNTIFS(J$3:J$400,"Completed",I$3:I$400,"<"&I11,I$3:I$400,"<>"&"")+COUNTIFS(J$3:J$400,"Completed",I$3:I$400,"="&I11,A$3:A$400,"<="&A11,I$3:I$400,"<>"&""),""),"") -> 8 | D11: SimCAT 5 | E11: IMS | F11: SimCAT | G11: Proctored | H11: 46201 | I11: 46201 | J11: =IF(I11<>"","Completed","Pending") -> Completed | K11: Yes | M11: 40 | N11: 98.12 | O11: 24 | P11: 15 | Q11: =IF(COUNT(O11,P11)=2, O11-P11, "") -> 9 | R11: =IFERROR(P11/O11,"") -> 0.625 | S11: 15 | T11: 76.03 | U11: 15 | V11: 6 | W11: =IF(COUNT(U11,V11)=2, U11-V11, "") -> 9 | X11: =IFERROR(V11/U11,"") -> 0.4 | Y11: 36 | Z11: 96.81 | AA11: 15 | AB11: 12 | AC11: =IF(COUNT(AA11,AB11)=2, AA11-AB11, "") -> 3 | AD11: =IFERROR(AB11/AA11,"") -> 0.8 | AE11: =IF(AND(M11="",S11="",Y11=""),"",IFERROR(M11+S11+Y11,"")) -> 91 | AF11: 97.35 | AG11: =IF(AND(O11="",U11="",AA11=""),"",IFERROR(O11+U11+AA11,"")) -> 54 | AH11: =IF(AND(P11="",V11="",AB11=""),"",IFERROR(P11+V11+AB11,"")) -> 33 | AI11: =IF(AND(Q11="",W11="",AC11=""),"",IFERROR(Q11+W11+AC11,"")) -> 21 | AJ11: =IFERROR(AH11/AG11,"") -> 0.61111111
A12: 10 | B12: =IFERROR(IF(H12<>"",RANK(H12,$H$3:$H$400,1),""),"") -> 10 | C12: =IFERROR(IF(J12="Completed",COUNTIFS(J$3:J$400,"Completed",I$3:I$400,"<"&I12,I$3:I$400,"<>"&"")+COUNTIFS(J$3:J$400,"Completed",I$3:I$400,"="&I12,A$3:A$400,"<="&A12,I$3:I$400,"<>"&""),""),"") -> 10 | D12: Take Home 4 | E12: IMS | F12: Take Home | G12: Take Home | H12: 46207 | I12: 46216 | J12: =IF(I12<>"","Completed","Pending") -> Completed | K12: Yes | M12: 20 | N12: 65.51 | O12: 24 | P12: 10 | Q12: =IF(COUNT(O12,P12)=2, O12-P12, "") -> 14 | R12: =IFERROR(P12/O12,"") -> 0.41666667 | S12: 16 | T12: 83.74 | U12: 13 | V12: 6 | W12: =IF(COUNT(U12,V12)=2, U12-V12, "") -> 7 | X12: =IFERROR(V12/U12,"") -> 0.46153846 | Y12: 19 | Z12: 69.82 | AA12: 13 | AB12: 7 | AC12: =IF(COUNT(AA12,AB12)=2, AA12-AB12, "") -> 6 | AD12: =IFERROR(AB12/AA12,"") -> 0.53846154 | AE12: =IF(AND(M12="",S12="",Y12=""),"",IFERROR(M12+S12+Y12,"")) -> 55 | AF12: 79.22 | AG12: =IF(AND(O12="",U12="",AA12=""),"",IFERROR(O12+U12+AA12,"")) -> 50 | AH12: =IF(AND(P12="",V12="",AB12=""),"",IFERROR(P12+V12+AB12,"")) -> 23 | AI12: =IF(AND(Q12="",W12="",AC12=""),"",IFERROR(Q12+W12+AC12,"")) -> 27 | AJ12: =IFERROR(AH12/AG12,"") -> 0.46
A13: 11 | B13: =IFERROR(IF(H13<>"",RANK(H13,$H$3:$H$400,1),""),"") -> 11 | C13: =IFERROR(IF(J13="Completed",COUNTIFS(J$3:J$400,"Completed",I$3:I$400,"<"&I13,I$3:I$400,"<>"&"")+COUNTIFS(J$3:J$400,"Completed",I$3:I$400,"="&I13,A$3:A$400,"<="&A13,I$3:I$400,"<>"&""),""),"") | D13: CAT 2021 Slot 2 | E13: IMS | F13: Previous CAT | G13: Past CAT Paper | H13: 46211 | J13: =IF(I13<>"","Completed","Pending") -> Pending | K13: No | Q13: =IF(COUNT(O13,P13)=2, O13-P13, "") | R13: =IFERROR(P13/O13,"") | W13: =IF(COUNT(U13,V13)=2, U13-V13, "") | X13: =IFERROR(V13/U13,"") | AC13: =IF(COUNT(AA13,AB13)=2, AA13-AB13, "") | AD13: =IFERROR(AB13/AA13,"") | AE13: =IF(AND(M13="",S13="",Y13=""),"",IFERROR(M13+S13+Y13,"")) | AG13: =IF(AND(O13="",U13="",AA13=""),"",IFERROR(O13+U13+AA13,"")) | AH13: =IF(AND(P13="",V13="",AB13=""),"",IFERROR(P13+V13+AB13,"")) | AI13: =IF(AND(Q13="",W13="",AC13=""),"",IFERROR(Q13+W13+AC13,"")) | AJ13: =IFERROR(AH13/AG13,"")
A14: 12 | B14: =IFERROR(IF(H14<>"",RANK(H14,$H$3:$H$400,1),""),"") -> 12 | C14: =IFERROR(IF(J14="Completed",COUNTIFS(J$3:J$400,"Completed",I$3:I$400,"<"&I14,I$3:I$400,"<>"&"")+COUNTIFS(J$3:J$400,"Completed",I$3:I$400,"="&I14,A$3:A$400,"<="&A14,I$3:I$400,"<>"&""),""),"") | D14: SimCAT 6 | E14: IMS | F14: SimCAT | G14: Proctored | H14: 46213 | J14: =IF(I14<>"","Completed","Pending") -> Pending | K14: No | Q14: =IF(COUNT(O14,P14)=2, O14-P14, "") | R14: =IFERROR(P14/O14,"") | W14: =IF(COUNT(U14,V14)=2, U14-V14, "") | X14: =IFERROR(V14/U14,"") | AC14: =IF(COUNT(AA14,AB14)=2, AA14-AB14, "") | AD14: =IFERROR(AB14/AA14,"") | AE14: =IF(AND(M14="",S14="",Y14=""),"",IFERROR(M14+S14+Y14,"")) | AG14: =IF(AND(O14="",U14="",AA14=""),"",IFERROR(O14+U14+AA14,"")) | AH14: =IF(AND(P14="",V14="",AB14=""),"",IFERROR(P14+V14+AB14,"")) | AI14: =IF(AND(Q14="",W14="",AC14=""),"",IFERROR(Q14+W14+AC14,"")) | AJ14: =IFERROR(AH14/AG14,"")
A15: 13 | B15: =IFERROR(IF(H15<>"",RANK(H15,$H$3:$H$400,1),""),"") -> 13 | C15: =IFERROR(IF(J15="Completed",COUNTIFS(J$3:J$400,"Completed",I$3:I$400,"<"&I15,I$3:I$400,"<>"&"")+COUNTIFS(J$3:J$400,"Completed",I$3:I$400,"="&I15,A$3:A$400,"<="&A15,I$3:I$400,"<>"&""),""),"") | D15: Take Home 5 | E15: IMS | F15: Take Home | G15: Take Home | H15: 46218 | J15: =IF(I15<>"","Completed","Pending") -> Pending | K15: No | Q15: =IF(COUNT(O15,P15)=2, O15-P15, "") | R15: =IFERROR(P15/O15,"") | W15: =IF(COUNT(U15,V15)=2, U15-V15, "") | X15: =IFERROR(V15/U15,"") | AC15: =IF(COUNT(AA15,AB15)=2, AA15-AB15, "") | AD15: =IFERROR(AB15/AA15,"") | AE15: =IF(AND(M15="",S15="",Y15=""),"",IFERROR(M15+S15+Y15,"")) | AG15: =IF(AND(O15="",U15="",AA15=""),"",IFERROR(O15+U15+AA15,"")) | AH15: =IF(AND(P15="",V15="",AB15=""),"",IFERROR(P15+V15+AB15,"")) | AI15: =IF(AND(Q15="",W15="",AC15=""),"",IFERROR(Q15+W15+AC15,"")) | AJ15: =IFERROR(AH15/AG15,"")
A16: 14 | B16: =IFERROR(IF(H16<>"",RANK(H16,$H$3:$H$400,1),""),"") -> 14 | C16: =IFERROR(IF(J16="Completed",COUNTIFS(J$3:J$400,"Completed",I$3:I$400,"<"&I16,I$3:I$400,"<>"&"")+COUNTIFS(J$3:J$400,"Completed",I$3:I$400,"="&I16,A$3:A$400,"<="&A16,I$3:I$400,"<>"&""),""),"") | D16: SimCAT 7 | E16: IMS | F16: SimCAT | G16: Proctored | H16: 46220 | J16: =IF(I16<>"","Completed","Pending") -> Pending | K16: No | Q16: =IF(COUNT(O16,P16)=2, O16-P16, "") | R16: =IFERROR(P16/O16,"") | W16: =IF(COUNT(U16,V16)=2, U16-V16, "") | X16: =IFERROR(V16/U16,"") | AC16: =IF(COUNT(AA16,AB16)=2, AA16-AB16, "") | AD16: =IFERROR(AB16/AA16,"") | AE16: =IF(AND(M16="",S16="",Y16=""),"",IFERROR(M16+S16+Y16,"")) | AG16: =IF(AND(O16="",U16="",AA16=""),"",IFERROR(O16+U16+AA16,"")) | AH16: =IF(AND(P16="",V16="",AB16=""),"",IFERROR(P16+V16+AB16,"")) | AI16: =IF(AND(Q16="",W16="",AC16=""),"",IFERROR(Q16+W16+AC16,"")) | AJ16: =IFERROR(AH16/AG16,"")
A17: 15 | B17: =IFERROR(IF(H17<>"",RANK(H17,$H$3:$H$400,1),""),"") -> 15 | C17: =IFERROR(IF(J17="Completed",COUNTIFS(J$3:J$400,"Completed",I$3:I$400,"<"&I17,I$3:I$400,"<>"&"")+COUNTIFS(J$3:J$400,"Completed",I$3:I$400,"="&I17,A$3:A$400,"<="&A17,I$3:I$400,"<>"&""),""),"") | D17: CAT 2021 Slot 3 | E17: IMS | F17: Previous CAT | G17: Past CAT Paper | H17: 46225 | J17: =IF(I17<>"","Completed","Pending") -> Pending | K17: No | Q17: =IF(COUNT(O17,P17)=2, O17-P17, "") | R17: =IFERROR(P17/O17,"") | W17: =IF(COUNT(U17,V17)=2, U17-V17, "") | X17: =IFERROR(V17/U17,"") | AC17: =IF(COUNT(AA17,AB17)=2, AA17-AB17, "") | AD17: =IFERROR(AB17/AA17,"") | AE17: =IF(AND(M17="",S17="",Y17=""),"",IFERROR(M17+S17+Y17,"")) | AG17: =IF(AND(O17="",U17="",AA17=""),"",IFERROR(O17+U17+AA17,"")) | AH17: =IF(AND(P17="",V17="",AB17=""),"",IFERROR(P17+V17+AB17,"")) | AI17: =IF(AND(Q17="",W17="",AC17=""),"",IFERROR(Q17+W17+AC17,"")) | AJ17: =IFERROR(AH17/AG17,"")
A18: 16 | B18: =IFERROR(IF(H18<>"",RANK(H18,$H$3:$H$400,1),""),"") -> 16 | C18: =IFERROR(IF(J18="Completed",COUNTIFS(J$3:J$400,"Completed",I$3:I$400,"<"&I18,I$3:I$400,"<>"&"")+COUNTIFS(J$3:J$400,"Completed",I$3:I$400,"="&I18,A$3:A$400,"<="&A18,I$3:I$400,"<>"&""),""),"") | D18: Take Home 6 | E18: IMS | F18: Take Home | G18: Take Home | H18: 46228 | J18: =IF(I18<>"","Completed","Pending") -> Pending | K18: No | Q18: =IF(COUNT(O18,P18)=2, O18-P18, "") | R18: =IFERROR(P18/O18,"") | W18: =IF(COUNT(U18,V18)=2, U18-V18, "") | X18: =IFERROR(V18/U18,"") | AC18: =IF(COUNT(AA18,AB18)=2, AA18-AB18, "") | AD18: =IFERROR(AB18/AA18,"") | AE18: =IF(AND(M18="",S18="",Y18=""),"",IFERROR(M18+S18+Y18,"")) | AG18: =IF(AND(O18="",U18="",AA18=""),"",IFERROR(O18+U18+AA18,"")) | AH18: =IF(AND(P18="",V18="",AB18=""),"",IFERROR(P18+V18+AB18,"")) | AI18: =IF(AND(Q18="",W18="",AC18=""),"",IFERROR(Q18+W18+AC18,"")) | AJ18: =IFERROR(AH18/AG18,"")
A19: 17 | B19: =IFERROR(IF(H19<>"",RANK(H19,$H$3:$H$400,1),""),"") -> 17 | C19: =IFERROR(IF(J19="Completed",COUNTIFS(J$3:J$400,"Completed",I$3:I$400,"<"&I19,I$3:I$400,"<>"&"")+COUNTIFS(J$3:J$400,"Completed",I$3:I$400,"="&I19,A$3:A$400,"<="&A19,I$3:I$400,"<>"&""),""),"") | D19: Headstart CAT 1 | E19: Cracku | F19: Headstart CAT | G19: Take Home | H19: 46229 | J19: =IF(I19<>"","Completed","Pending") -> Pending | K19: No | Q19: =IF(COUNT(O19,P19)=2, O19-P19, "") | R19: =IFERROR(P19/O19,"") | W19: =IF(COUNT(U19,V19)=2, U19-V19, "") | X19: =IFERROR(V19/U19,"") | AC19: =IF(COUNT(AA19,AB19)=2, AA19-AB19, "") | AD19: =IFERROR(AB19/AA19,"") | AE19: =IF(AND(M19="",S19="",Y19=""),"",IFERROR(M19+S19+Y19,"")) | AG19: =IF(AND(O19="",U19="",AA19=""),"",IFERROR(O19+U19+AA19,"")) | AH19: =IF(AND(P19="",V19="",AB19=""),"",IFERROR(P19+V19+AB19,"")) | AI19: =IF(AND(Q19="",W19="",AC19=""),"",IFERROR(Q19+W19+AC19,"")) | AJ19: =IFERROR(AH19/AG19,"")
A20: 18 | B20: =IFERROR(IF(H20<>"",RANK(H20,$H$3:$H$400,1),""),"") -> 18 | C20: =IFERROR(IF(J20="Completed",COUNTIFS(J$3:J$400,"Completed",I$3:I$400,"<"&I20,I$3:I$400,"<>"&"")+COUNTIFS(J$3:J$400,"Completed",I$3:I$400,"="&I20,A$3:A$400,"<="&A20,I$3:I$400,"<>"&""),""),"") | D20: DashCAT 1 | E20: Cracku | F20: DashCAT | G20: Take Home | H20: 46231 | J20: =IF(I20<>"","Completed","Pending") -> Pending | K20: No | Q20: =IF(COUNT(O20,P20)=2, O20-P20, "") | R20: =IFERROR(P20/O20,"") | W20: =IF(COUNT(U20,V20)=2, U20-V20, "") | X20: =IFERROR(V20/U20,"") | AC20: =IF(COUNT(AA20,AB20)=2, AA20-AB20, "") | AD20: =IFERROR(AB20/AA20,"") | AE20: =IF(AND(M20="",S20="",Y20=""),"",IFERROR(M20+S20+Y20,"")) | AG20: =IF(AND(O20="",U20="",AA20=""),"",IFERROR(O20+U20+AA20,"")) | AH20: =IF(AND(P20="",V20="",AB20=""),"",IFERROR(P20+V20+AB20,"")) | AI20: =IF(AND(Q20="",W20="",AC20=""),"",IFERROR(Q20+W20+AC20,"")) | AJ20: =IFERROR(AH20/AG20,"")
A21: 19 | B21: =IFERROR(IF(H21<>"",RANK(H21,$H$3:$H$400,1),""),"") -> 19 | C21: =IFERROR(IF(J21="Completed",COUNTIFS(J$3:J$400,"Completed",I$3:I$400,"<"&I21,I$3:I$400,"<>"&"")+COUNTIFS(J$3:J$400,"Completed",I$3:I$400,"="&I21,A$3:A$400,"<="&A21,I$3:I$400,"<>"&""),""),"") | D21: DashCAT 2 | E21: Cracku | F21: DashCAT | G21: Take Home | H21: 46232 | J21: =IF(I21<>"","Completed","Pending") -> Pending | K21: No | Q21: =IF(COUNT(O21,P21)=2, O21-P21, "") | R21: =IFERROR(P21/O21,"") | W21: =IF(COUNT(U21,V21)=2, U21-V21, "") | X21: =IFERROR(V21/U21,"") | AC21: =IF(COUNT(AA21,AB21)=2, AA21-AB21, "") | AD21: =IFERROR(AB21/AA21,"") | AE21: =IF(AND(M21="",S21="",Y21=""),"",IFERROR(M21+S21+Y21,"")) | AG21: =IF(AND(O21="",U21="",AA21=""),"",IFERROR(O21+U21+AA21,"")) | AH21: =IF(AND(P21="",V21="",AB21=""),"",IFERROR(P21+V21+AB21,"")) | AI21: =IF(AND(Q21="",W21="",AC21=""),"",IFERROR(Q21+W21+AC21,"")) | AJ21: =IFERROR(AH21/AG21,"")
A22: 20 | B22: =IFERROR(IF(H22<>"",RANK(H22,$H$3:$H$400,1),""),"") -> 20 | C22: =IFERROR(IF(J22="Completed",COUNTIFS(J$3:J$400,"Completed",I$3:I$400,"<"&I22,I$3:I$400,"<>"&"")+COUNTIFS(J$3:J$400,"Completed",I$3:I$400,"="&I22,A$3:A$400,"<="&A22,I$3:I$400,"<>"&""),""),"") | D22: SimCAT 8 | E22: IMS | F22: SimCAT | G22: Proctored | H22: 46234 | J22: =IF(I22<>"","Completed","Pending") -> Pending | K22: No | Q22: =IF(COUNT(O22,P22)=2, O22-P22, "") | R22: =IFERROR(P22/O22,"") | W22: =IF(COUNT(U22,V22)=2, U22-V22, "") | X22: =IFERROR(V22/U22,"") | AC22: =IF(COUNT(AA22,AB22)=2, AA22-AB22, "") | AD22: =IFERROR(AB22/AA22,"") | AE22: =IF(AND(M22="",S22="",Y22=""),"",IFERROR(M22+S22+Y22,"")) | AG22: =IF(AND(O22="",U22="",AA22=""),"",IFERROR(O22+U22+AA22,"")) | AH22: =IF(AND(P22="",V22="",AB22=""),"",IFERROR(P22+V22+AB22,"")) | AI22: =IF(AND(Q22="",W22="",AC22=""),"",IFERROR(Q22+W22+AC22,"")) | AJ22: =IFERROR(AH22/AG22,"")
A23: 21 | B23: =IFERROR(IF(H23<>"",RANK(H23,$H$3:$H$400,1),""),"") -> 21 | C23: =IFERROR(IF(J23="Completed",COUNTIFS(J$3:J$400,"Completed",I$3:I$400,"<"&I23,I$3:I$400,"<>"&"")+COUNTIFS(J$3:J$400,"Completed",I$3:I$400,"="&I23,A$3:A$400,"<="&A23,I$3:I$400,"<>"&""),""),"") | D23: Take Home 7 | E23: IMS | F23: Take Home | G23: Take Home | H23: 46239 | J23: =IF(I23<>"","Completed","Pending") -> Pending | K23: No | Q23: =IF(COUNT(O23,P23)=2, O23-P23, "") | R23: =IFERROR(P23/O23,"") | W23: =IF(COUNT(U23,V23)=2, U23-V23, "") | X23: =IFERROR(V23/U23,"") | AC23: =IF(COUNT(AA23,AB23)=2, AA23-AB23, "") | AD23: =IFERROR(AB23/AA23,"") | AE23: =IF(AND(M23="",S23="",Y23=""),"",IFERROR(M23+S23+Y23,"")) | AG23: =IF(AND(O23="",U23="",AA23=""),"",IFERROR(O23+U23+AA23,"")) | AH23: =IF(AND(P23="",V23="",AB23=""),"",IFERROR(P23+V23+AB23,"")) | AI23: =IF(AND(Q23="",W23="",AC23=""),"",IFERROR(Q23+W23+AC23,"")) | AJ23: =IFERROR(AH23/AG23,"")
A24: 22 | B24: =IFERROR(IF(H24<>"",RANK(H24,$H$3:$H$400,1),""),"") -> 22 | C24: =IFERROR(IF(J24="Completed",COUNTIFS(J$3:J$400,"Completed",I$3:I$400,"<"&I24,I$3:I$400,"<>"&"")+COUNTIFS(J$3:J$400,"Completed",I$3:I$400,"="&I24,A$3:A$400,"<="&A24,I$3:I$400,"<>"&""),""),"") | D24: SimCAT 9 | E24: IMS | F24: SimCAT | G24: Proctored | H24: 46243 | J24: =IF(I24<>"","Completed","Pending") -> Pending | K24: No | Q24: =IF(COUNT(O24,P24)=2, O24-P24, "") | R24: =IFERROR(P24/O24,"") | W24: =IF(COUNT(U24,V24)=2, U24-V24, "") | X24: =IFERROR(V24/U24,"") | AC24: =IF(COUNT(AA24,AB24)=2, AA24-AB24, "") | AD24: =IFERROR(AB24/AA24,"") | AE24: =IF(AND(M24="",S24="",Y24=""),"",IFERROR(M24+S24+Y24,"")) | AG24: =IF(AND(O24="",U24="",AA24=""),"",IFERROR(O24+U24+AA24,"")) | AH24: =IF(AND(P24="",V24="",AB24=""),"",IFERROR(P24+V24+AB24,"")) | AI24: =IF(AND(Q24="",W24="",AC24=""),"",IFERROR(Q24+W24+AC24,"")) | AJ24: =IFERROR(AH24/AG24,"")
... A102: 100 | B102: =IFERROR(IF(H102<>"",RANK(H102,$H$3:$H$400,1),""),"") -> 100 | C102: =IFERROR(IF(J102="Completed",COUNTIFS(J$3:J$400,"Completed",I$3:I$400,"<"&I102,I$3:I$400,"<>"&"")+COUNTIFS(J$3:J$400,"Completed",I$3:I$400,"="&I102,A$3:A$400,"<="&A102,I$3:I$400,"<>"&""),""),"") | D102: CAT 2025 Slot 3 | E102: IMS | F102: Previous CAT | G102: Past CAT Paper | H102: 46353 | J102: =IF(I102<>"","Completed","Pending") -> Pending | K102: No | Q102: =IF(COUNT(O102,P102)=2, O102-P102, "") | R102: =IFERROR(P102/O102,"") | W102: =IF(COUNT(U102,V102)=2, U102-V102, "") | X102: =IFERROR(V102/U102,"") | AC102: =IF(COUNT(AA102,AB102)=2, AA102-AB102, "") | AD102: =IFERROR(AB102/AA102,"") | AE102: =IF(AND(M102="",S102="",Y102=""),"",IFERROR(M102+S102+Y102,"")) | AG102: =IF(AND(O102="",U102="",AA102=""),"",IFERROR(O102+U102+AA102,"")) | AH102: =IF(AND(P102="",V102="",AB102=""),"",IFERROR(P102+V102+AB102,"")) | AI102: =IF(AND(Q102="",W102="",AC102=""),"",IFERROR(Q102+W102+AC102,"")) | AJ102: =IFERROR(AH102/AG102,"")
A103: 101 | B103: =IFERROR(IF(H103<>"",RANK(H103,$H$3:$H$400,1),""),"") | C103: =IFERROR(IF(J103="Completed",COUNTIFS(J$3:J$400,"Completed",I$3:I$400,"<"&I103,I$3:I$400,"<>"&"")+COUNTIFS(J$3:J$400,"Completed",I$3:I$400,"="&I103,A$3:A$400,"<="&A103,I$3:I$400,"<>"&""),""),"") | J103: =IF(I103<>"","Completed","Pending") -> Pending | K103: No | Q103: =IF(COUNT(O103,P103)=2, O103-P103, "") | R103: =IFERROR(P103/O103,"") | W103: =IF(COUNT(U103,V103)=2, U103-V103, "") | X103: =IFERROR(V103/U103,"") | AC103: =IF(COUNT(AA103,AB103)=2, AA103-AB103, "") | AD103: =IFERROR(AB103/AA103,"") | AE103: =IF(AND(M103="",S103="",Y103=""),"",IFERROR(M103+S103+Y103,"")) | AG103: =IF(AND(O103="",U103="",AA103=""),"",IFERROR(O103+U103+AA103,"")) | AH103: =IF(AND(P103="",V103="",AB103=""),"",IFERROR(P103+V103+AB103,"")) | AI103: =IF(AND(Q103="",W103="",AC103=""),"",IFERROR(Q103+W103+AC103,"")) | AJ103: =IFERROR(AH103/AG103,"")
A104: 102 | B104: =IFERROR(IF(H104<>"",RANK(H104,$H$3:$H$400,1),""),"") | C104: =IFERROR(IF(J104="Completed",COUNTIFS(J$3:J$400,"Completed",I$3:I$400,"<"&I104,I$3:I$400,"<>"&"")+COUNTIFS(J$3:J$400,"Completed",I$3:I$400,"="&I104,A$3:A$400,"<="&A104,I$3:I$400,"<>"&""),""),"") | J104: =IF(I104<>"","Completed","Pending") -> Pending | K104: No | Q104: =IF(COUNT(O104,P104)=2, O104-P104, "") | R104: =IFERROR(P104/O104,"") | W104: =IF(COUNT(U104,V104)=2, U104-V104, "") | X104: =IFERROR(V104/U104,"") | AC104: =IF(COUNT(AA104,AB104)=2, AA104-AB104, "") | AD104: =IFERROR(AB104/AA104,"") | AE104: =IF(AND(M104="",S104="",Y104=""),"",IFERROR(M104+S104+Y104,"")) | AG104: =IF(AND(O104="",U104="",AA104=""),"",IFERROR(O104+U104+AA104,"")) | AH104: =IF(AND(P104="",V104="",AB104=""),"",IFERROR(P104+V104+AB104,"")) | AI104: =IF(AND(Q104="",W104="",AC104=""),"",IFERROR(Q104+W104+AC104,"")) | AJ104: =IFERROR(AH104/AG104,"")
A105: 103 | B105: =IFERROR(IF(H105<>"",RANK(H105,$H$3:$H$400,1),""),"") | C105: =IFERROR(IF(J105="Completed",COUNTIFS(J$3:J$400,"Completed",I$3:I$400,"<"&I105,I$3:I$400,"<>"&"")+COUNTIFS(J$3:J$400,"Completed",I$3:I$400,"="&I105,A$3:A$400,"<="&A105,I$3:I$400,"<>"&""),""),"") | J105: =IF(I105<>"","Completed","Pending") -> Pending | K105: No | Q105: =IF(COUNT(O105,P105)=2, O105-P105, "") | R105: =IFERROR(P105/O105,"") | W105: =IF(COUNT(U105,V105)=2, U105-V105, "") | X105: =IFERROR(V105/U105,"") | AC105: =IF(COUNT(AA105,AB105)=2, AA105-AB105, "") | AD105: =IFERROR(AB105/AA105,"") | AE105: =IF(AND(M105="",S105="",Y105=""),"",IFERROR(M105+S105+Y105,"")) | AG105: =IF(AND(O105="",U105="",AA105=""),"",IFERROR(O105+U105+AA105,"")) | AH105: =IF(AND(P105="",V105="",AB105=""),"",IFERROR(P105+V105+AB105,"")) | AI105: =IF(AND(Q105="",W105="",AC105=""),"",IFERROR(Q105+W105+AC105,"")) | AJ105: =IFERROR(AH105/AG105,"")
A106: 104 | B106: =IFERROR(IF(H106<>"",RANK(H106,$H$3:$H$400,1),""),"") | C106: =IFERROR(IF(J106="Completed",COUNTIFS(J$3:J$400,"Completed",I$3:I$400,"<"&I106,I$3:I$400,"<>"&"")+COUNTIFS(J$3:J$400,"Completed",I$3:I$400,"="&I106,A$3:A$400,"<="&A106,I$3:I$400,"<>"&""),""),"") | J106: =IF(I106<>"","Completed","Pending") -> Pending | K106: No | Q106: =IF(COUNT(O106,P106)=2, O106-P106, "") | R106: =IFERROR(P106/O106,"") | W106: =IF(COUNT(U106,V106)=2, U106-V106, "") | X106: =IFERROR(V106/U106,"") | AC106: =IF(COUNT(AA106,AB106)=2, AA106-AB106, "") | AD106: =IFERROR(AB106/AA106,"") | AE106: =IF(AND(M106="",S106="",Y106=""),"",IFERROR(M106+S106+Y106,"")) | AG106: =IF(AND(O106="",U106="",AA106=""),"",IFERROR(O106+U106+AA106,"")) | AH106: =IF(AND(P106="",V106="",AB106=""),"",IFERROR(P106+V106+AB106,"")) | AI106: =IF(AND(Q106="",W106="",AC106=""),"",IFERROR(Q106+W106+AC106,"")) | AJ106: =IFERROR(AH106/AG106,"")
A107: 105 | B107: =IFERROR(IF(H107<>"",RANK(H107,$H$3:$H$400,1),""),"") | C107: =IFERROR(IF(J107="Completed",COUNTIFS(J$3:J$400,"Completed",I$3:I$400,"<"&I107,I$3:I$400,"<>"&"")+COUNTIFS(J$3:J$400,"Completed",I$3:I$400,"="&I107,A$3:A$400,"<="&A107,I$3:I$400,"<>"&""),""),"") | J107: =IF(I107<>"","Completed","Pending") -> Pending | K107: No | Q107: =IF(COUNT(O107,P107)=2, O107-P107, "") | R107: =IFERROR(P107/O107,"") | W107: =IF(COUNT(U107,V107)=2, U107-V107, "") | X107: =IFERROR(V107/U107,"") | AC107: =IF(COUNT(AA107,AB107)=2, AA107-AB107, "") | AD107: =IFERROR(AB107/AA107,"") | AE107: =IF(AND(M107="",S107="",Y107=""),"",IFERROR(M107+S107+Y107,"")) | AG107: =IF(AND(O107="",U107="",AA107=""),"",IFERROR(O107+U107+AA107,"")) | AH107: =IF(AND(P107="",V107="",AB107=""),"",IFERROR(P107+V107+AB107,"")) | AI107: =IF(AND(Q107="",W107="",AC107=""),"",IFERROR(Q107+W107+AC107,"")) | AJ107: =IFERROR(AH107/AG107,"")
A108: 106 | B108: =IFERROR(IF(H108<>"",RANK(H108,$H$3:$H$400,1),""),"") | C108: =IFERROR(IF(J108="Completed",COUNTIFS(J$3:J$400,"Completed",I$3:I$400,"<"&I108,I$3:I$400,"<>"&"")+COUNTIFS(J$3:J$400,"Completed",I$3:I$400,"="&I108,A$3:A$400,"<="&A108,I$3:I$400,"<>"&""),""),"") | J108: =IF(I108<>"","Completed","Pending") -> Pending | K108: No | Q108: =IF(COUNT(O108,P108)=2, O108-P108, "") | R108: =IFERROR(P108/O108,"") | W108: =IF(COUNT(U108,V108)=2, U108-V108, "") | X108: =IFERROR(V108/U108,"") | AC108: =IF(COUNT(AA108,AB108)=2, AA108-AB108, "") | AD108: =IFERROR(AB108/AA108,"") | AE108: =IF(AND(M108="",S108="",Y108=""),"",IFERROR(M108+S108+Y108,"")) | AG108: =IF(AND(O108="",U108="",AA108=""),"",IFERROR(O108+U108+AA108,"")) | AH108: =IF(AND(P108="",V108="",AB108=""),"",IFERROR(P108+V108+AB108,"")) | AI108: =IF(AND(Q108="",W108="",AC108=""),"",IFERROR(Q108+W108+AC108,"")) | AJ108: =IFERROR(AH108/AG108,"")
A109: 107 | B109: =IFERROR(IF(H109<>"",RANK(H109,$H$3:$H$400,1),""),"") | C109: =IFERROR(IF(J109="Completed",COUNTIFS(J$3:J$400,"Completed",I$3:I$400,"<"&I109,I$3:I$400,"<>"&"")+COUNTIFS(J$3:J$400,"Completed",I$3:I$400,"="&I109,A$3:A$400,"<="&A109,I$3:I$400,"<>"&""),""),"") | J109: =IF(I109<>"","Completed","Pending") -> Pending | K109: No | Q109: =IF(COUNT(O109,P109)=2, O109-P109, "") | R109: =IFERROR(P109/O109,"") | W109: =IF(COUNT(U109,V109)=2, U109-V109, "") | X109: =IFERROR(V109/U109,"") | AC109: =IF(COUNT(AA109,AB109)=2, AA109-AB109, "") | AD109: =IFERROR(AB109/AA109,"") | AE109: =IF(AND(M109="",S109="",Y109=""),"",IFERROR(M109+S109+Y109,"")) | AG109: =IF(AND(O109="",U109="",AA109=""),"",IFERROR(O109+U109+AA109,"")) | AH109: =IF(AND(P109="",V109="",AB109=""),"",IFERROR(P109+V109+AB109,"")) | AI109: =IF(AND(Q109="",W109="",AC109=""),"",IFERROR(Q109+W109+AC109,"")) | AJ109: =IFERROR(AH109/AG109,"")
A110: 108 | B110: =IFERROR(IF(H110<>"",RANK(H110,$H$3:$H$400,1),""),"") | C110: =IFERROR(IF(J110="Completed",COUNTIFS(J$3:J$400,"Completed",I$3:I$400,"<"&I110,I$3:I$400,"<>"&"")+COUNTIFS(J$3:J$400,"Completed",I$3:I$400,"="&I110,A$3:A$400,"<="&A110,I$3:I$400,"<>"&""),""),"") | J110: =IF(I110<>"","Completed","Pending") -> Pending | K110: No | Q110: =IF(COUNT(O110,P110)=2, O110-P110, "") | R110: =IFERROR(P110/O110,"") | W110: =IF(COUNT(U110,V110)=2, U110-V110, "") | X110: =IFERROR(V110/U110,"") | AC110: =IF(COUNT(AA110,AB110)=2, AA110-AB110, "") | AD110: =IFERROR(AB110/AA110,"") | AE110: =IF(AND(M110="",S110="",Y110=""),"",IFERROR(M110+S110+Y110,"")) | AG110: =IF(AND(O110="",U110="",AA110=""),"",IFERROR(O110+U110+AA110,"")) | AH110: =IF(AND(P110="",V110="",AB110=""),"",IFERROR(P110+V110+AB110,"")) | AI110: =IF(AND(Q110="",W110="",AC110=""),"",IFERROR(Q110+W110+AC110,"")) | AJ110: =IFERROR(AH110/AG110,"")
A111: 109 | B111: =IFERROR(IF(H111<>"",RANK(H111,$H$3:$H$400,1),""),"") | C111: =IFERROR(IF(J111="Completed",COUNTIFS(J$3:J$400,"Completed",I$3:I$400,"<"&I111,I$3:I$400,"<>"&"")+COUNTIFS(J$3:J$400,"Completed",I$3:I$400,"="&I111,A$3:A$400,"<="&A111,I$3:I$400,"<>"&""),""),"") | J111: =IF(I111<>"","Completed","Pending") -> Pending | K111: No | Q111: =IF(COUNT(O111,P111)=2, O111-P111, "") | R111: =IFERROR(P111/O111,"") | W111: =IF(COUNT(U111,V111)=2, U111-V111, "") | X111: =IFERROR(V111/U111,"") | AC111: =IF(COUNT(AA111,AB111)=2, AA111-AB111, "") | AD111: =IFERROR(AB111/AA111,"") | AE111: =IF(AND(M111="",S111="",Y111=""),"",IFERROR(M111+S111+Y111,"")) | AG111: =IF(AND(O111="",U111="",AA111=""),"",IFERROR(O111+U111+AA111,"")) | AH111: =IF(AND(P111="",V111="",AB111=""),"",IFERROR(P111+V111+AB111,"")) | AI111: =IF(AND(Q111="",W111="",AC111=""),"",IFERROR(Q111+W111+AC111,"")) | AJ111: =IFERROR(AH111/AG111,"")
A112: 110 | B112: =IFERROR(IF(H112<>"",RANK(H112,$H$3:$H$400,1),""),"") | C112: =IFERROR(IF(J112="Completed",COUNTIFS(J$3:J$400,"Completed",I$3:I$400,"<"&I112,I$3:I$400,"<>"&"")+COUNTIFS(J$3:J$400,"Completed",I$3:I$400,"="&I112,A$3:A$400,"<="&A112,I$3:I$400,"<>"&""),""),"") | J112: =IF(I112<>"","Completed","Pending") -> Pending | K112: No | Q112: =IF(COUNT(O112,P112)=2, O112-P112, "") | R112: =IFERROR(P112/O112,"") | W112: =IF(COUNT(U112,V112)=2, U112-V112, "") | X112: =IFERROR(V112/U112,"") | AC112: =IF(COUNT(AA112,AB112)=2, AA112-AB112, "") | AD112: =IFERROR(AB112/AA112,"") | AE112: =IF(AND(M112="",S112="",Y112=""),"",IFERROR(M112+S112+Y112,"")) | AG112: =IF(AND(O112="",U112="",AA112=""),"",IFERROR(O112+U112+AA112,"")) | AH112: =IF(AND(P112="",V112="",AB112=""),"",IFERROR(P112+V112+AB112,"")) | AI112: =IF(AND(Q112="",W112="",AC112=""),"",IFERROR(Q112+W112+AC112,"")) | AJ112: =IFERROR(AH112/AG112,"")
A113: 111 | B113: =IFERROR(IF(H113<>"",RANK(H113,$H$3:$H$400,1),""),"") | C113: =IFERROR(IF(J113="Completed",COUNTIFS(J$3:J$400,"Completed",I$3:I$400,"<"&I113,I$3:I$400,"<>"&"")+COUNTIFS(J$3:J$400,"Completed",I$3:I$400,"="&I113,A$3:A$400,"<="&A113,I$3:I$400,"<>"&""),""),"") | J113: =IF(I113<>"","Completed","Pending") -> Pending | K113: No | Q113: =IF(COUNT(O113,P113)=2, O113-P113, "") | R113: =IFERROR(P113/O113,"") | W113: =IF(COUNT(U113,V113)=2, U113-V113, "") | X113: =IFERROR(V113/U113,"") | AC113: =IF(COUNT(AA113,AB113)=2, AA113-AB113, "") | AD113: =IFERROR(AB113/AA113,"") | AE113: =IF(AND(M113="",S113="",Y113=""),"",IFERROR(M113+S113+Y113,"")) | AG113: =IF(AND(O113="",U113="",AA113=""),"",IFERROR(O113+U113+AA113,"")) | AH113: =IF(AND(P113="",V113="",AB113=""),"",IFERROR(P113+V113+AB113,"")) | AI113: =IF(AND(Q113="",W113="",AC113=""),"",IFERROR(Q113+W113+AC113,"")) | AJ113: =IFERROR(AH113/AG113,"")
A114: 112 | B114: =IFERROR(IF(H114<>"",RANK(H114,$H$3:$H$400,1),""),"") | C114: =IFERROR(IF(J114="Completed",COUNTIFS(J$3:J$400,"Completed",I$3:I$400,"<"&I114,I$3:I$400,"<>"&"")+COUNTIFS(J$3:J$400,"Completed",I$3:I$400,"="&I114,A$3:A$400,"<="&A114,I$3:I$400,"<>"&""),""),"") | J114: =IF(I114<>"","Completed","Pending") -> Pending | K114: No | Q114: =IF(COUNT(O114,P114)=2, O114-P114, "") | R114: =IFERROR(P114/O114,"") | W114: =IF(COUNT(U114,V114)=2, U114-V114, "") | X114: =IFERROR(V114/U114,"") | AC114: =IF(COUNT(AA114,AB114)=2, AA114-AB114, "") | AD114: =IFERROR(AB114/AA114,"") | AE114: =IF(AND(M114="",S114="",Y114=""),"",IFERROR(M114+S114+Y114,"")) | AG114: =IF(AND(O114="",U114="",AA114=""),"",IFERROR(O114+U114+AA114,"")) | AH114: =IF(AND(P114="",V114="",AB114=""),"",IFERROR(P114+V114+AB114,"")) | AI114: =IF(AND(Q114="",W114="",AC114=""),"",IFERROR(Q114+W114+AC114,"")) | AJ114: =IFERROR(AH114/AG114,"")
... A152: 150 | B152: =IFERROR(IF(H152<>"",RANK(H152,$H$3:$H$400,1),""),"") | C152: =IFERROR(IF(J152="Completed",COUNTIFS(J$3:J$400,"Completed",I$3:I$400,"<"&I152,I$3:I$400,"<>"&"")+COUNTIFS(J$3:J$400,"Completed",I$3:I$400,"="&I152,A$3:A$400,"<="&A152,I$3:I$400,"<>"&""),""),"") | J152: =IF(I152<>"","Completed","Pending") -> Pending | K152: No | Q152: =IF(COUNT(O152,P152)=2, O152-P152, "") | R152: =IFERROR(P152/O152,"") | W152: =IF(COUNT(U152,V152)=2, U152-V152, "") | X152: =IFERROR(V152/U152,"") | AC152: =IF(COUNT(AA152,AB152)=2, AA152-AB152, "") | AD152: =IFERROR(AB152/AA152,"") | AE152: =IF(AND(M152="",S152="",Y152=""),"",IFERROR(M152+S152+Y152,"")) | AG152: =IF(AND(O152="",U152="",AA152=""),"",IFERROR(O152+U152+AA152,"")) | AH152: =IF(AND(P152="",V152="",AB152=""),"",IFERROR(P152+V152+AB152,"")) | AI152: =IF(AND(Q152="",W152="",AC152=""),"",IFERROR(Q152+W152+AC152,"")) | AJ152: =IFERROR(AH152/AG152,"")
A154: ★ Made by Devansh Gohil · CAT 2026 Analytics · Formula-driven · Excel & Google Sheets compatible

Sheet Calculations
A1: Metric | B1: Ovr Score | C1: Ovr %ile | D1: VARC Score | E1: VARC %ile | F1: DILR Score | G1: DILR %ile | H1: QA Score | I1: QA %ile | K1: LatestIdx
A2: Latest | B2: {=IF($K$2="","",IF(INDEX(Chart_Data!$J$2:$J$401,$K$2)="","",INDEX(Chart_Data!$J$2:$J$401,$K$2)))} -> 55 | C2: {=IF($K$2="","",IF(INDEX(Chart_Data!$K$2:$K$401,$K$2)="","",INDEX(Chart_Data!$K$2:$K$401,$K$2)))} -> 79.22 | D2: {=IF($K$2="","",IF(INDEX(Chart_Data!$D$2:$D$401,$K$2)="","",INDEX(Chart_Data!$D$2:$D$401,$K$2)))} -> 20 | E2: {=IF($K$2="","",IF(INDEX(Chart_Data!$E$2:$E$401,$K$2)="","",INDEX(Chart_Data!$E$2:$E$401,$K$2)))} -> 65.51 | F2: {=IF($K$2="","",IF(INDEX(Chart_Data!$F$2:$F$401,$K$2)="","",INDEX(Chart_Data!$F$2:$F$401,$K$2)))} -> 16 | G2: {=IF($K$2="","",IF(INDEX(Chart_Data!$G$2:$G$401,$K$2)="","",INDEX(Chart_Data!$G$2:$G$401,$K$2)))} -> 83.74 | H2: {=IF($K$2="","",IF(INDEX(Chart_Data!$H$2:$H$401,$K$2)="","",INDEX(Chart_Data!$H$2:$H$401,$K$2)))} -> 19 | I2: {=IF($K$2="","",IF(INDEX(Chart_Data!$I$2:$I$401,$K$2)="","",INDEX(Chart_Data!$I$2:$I$401,$K$2)))} -> 69.82 | K2: =IFERROR(COUNT(Chart_Data!$J$2:$J$401),"") -> 10
A3: Average | B3: =IFERROR(AVERAGE(Chart_Data!$J$2:$J$401),"") -> 79.1 | C3: =IFERROR(AVERAGE(Chart_Data!$K$2:$K$401),"") -> 92.015556 | D3: =IFERROR(AVERAGE(Chart_Data!$D$2:$D$401),"") -> 38.4 | E3: =IFERROR(AVERAGE(Chart_Data!$E$2:$E$401),"") -> 92.475556 | F3: =IFERROR(AVERAGE(Chart_Data!$F$2:$F$401),"") -> 20.7 | G3: =IFERROR(AVERAGE(Chart_Data!$G$2:$G$401),"") -> 77.814444 | H3: =IFERROR(AVERAGE(Chart_Data!$H$2:$H$401),"") -> 20 | I3: =IFERROR(AVERAGE(Chart_Data!$I$2:$I$401),"") -> 71.315556
A4: Median | B4: =IFERROR(MEDIAN(Chart_Data!$J$2:$J$401),"") -> 82.5 | C4: =IFERROR(MEDIAN(Chart_Data!$K$2:$K$401),"") -> 94.82 | D4: =IFERROR(MEDIAN(Chart_Data!$D$2:$D$401),"") -> 37.5 | E4: =IFERROR(MEDIAN(Chart_Data!$E$2:$E$401),"") -> 98.12 | F4: =IFERROR(MEDIAN(Chart_Data!$F$2:$F$401),"") -> 22 | G4: =IFERROR(MEDIAN(Chart_Data!$G$2:$G$401),"") -> 83.74 | H4: =IFERROR(MEDIAN(Chart_Data!$H$2:$H$401),"") -> 20.5 | I4: =IFERROR(MEDIAN(Chart_Data!$I$2:$I$401),"") -> 69.82
A5: Highest | B5: =IFERROR(MAX(Chart_Data!$J$2:$J$401),"") -> 95 | C5: =IFERROR(MAX(Chart_Data!$K$2:$K$401),"") -> 98.37 | D5: =IFERROR(MAX(Chart_Data!$D$2:$D$401),"") -> 50 | E5: =IFERROR(MAX(Chart_Data!$E$2:$E$401),"") -> 99.91 | F5: =IFERROR(MAX(Chart_Data!$F$2:$F$401),"") -> 36 | G5: =IFERROR(MAX(Chart_Data!$G$2:$G$401),"") -> 94.69 | H5: =IFERROR(MAX(Chart_Data!$H$2:$H$401),"") -> 36 | I5: =IFERROR(MAX(Chart_Data!$I$2:$I$401),"") -> 96.81
A6: Lowest | B6: =IFERROR(MIN(Chart_Data!$J$2:$J$401),"") -> 55 | C6: =IFERROR(MIN(Chart_Data!$K$2:$K$401),"") -> 79.22 | D6: =IFERROR(MIN(Chart_Data!$D$2:$D$401),"") -> 20 | E6: =IFERROR(MIN(Chart_Data!$E$2:$E$401),"") -> 65.51 | F6: =IFERROR(MIN(Chart_Data!$F$2:$F$401),"") -> 3 | G6: =IFERROR(MIN(Chart_Data!$G$2:$G$401),"") -> 33.84 | H6: =IFERROR(MIN(Chart_Data!$H$2:$H$401),"") -> 10 | I6: =IFERROR(MIN(Chart_Data!$I$2:$I$401),"") -> 45.38
A7: Variance | B7: =IFERROR(VAR(Chart_Data!$J$2:$J$401),"") -> 145.43333 | C7: =IFERROR(VAR(Chart_Data!$K$2:$K$401),"") -> 42.221478 | D7: =IFERROR(VAR(Chart_Data!$D$2:$D$401),"") -> 98.266667 | E7: =IFERROR(VAR(Chart_Data!$E$2:$E$401),"") -> 121.59408 | F7: =IFERROR(VAR(Chart_Data!$F$2:$F$401),"") -> 87.344444 | G7: =IFERROR(VAR(Chart_Data!$G$2:$G$401),"") -> 377.38483 | H7: =IFERROR(VAR(Chart_Data!$H$2:$H$401),"") -> 60.888889 | I7: =IFERROR(VAR(Chart_Data!$I$2:$I$401),"") -> 253.46275
A8: StdDev | B8: =IFERROR(STDEV(Chart_Data!$J$2:$J$401),"") -> 12.059574 | C8: =IFERROR(STDEV(Chart_Data!$K$2:$K$401),"") -> 6.4978056 | D8: =IFERROR(STDEV(Chart_Data!$D$2:$D$401),"") -> 9.9129545 | E8: =IFERROR(STDEV(Chart_Data!$E$2:$E$401),"") -> 11.02697 | F8: =IFERROR(STDEV(Chart_Data!$F$2:$F$401),"") -> 9.345825 | G8: =IFERROR(STDEV(Chart_Data!$G$2:$G$401),"") -> 19.426395 | H8: =IFERROR(STDEV(Chart_Data!$H$2:$H$401),"") -> 7.8031333 | I8: =IFERROR(STDEV(Chart_Data!$I$2:$I$401),"") -> 15.920514
A9: RollAvg5 | B9: =IFERROR(AVERAGE(OFFSET(Chart_Data!$J$1,MAX(1,B13-4),0,MIN(5,B13),1)),"") -> 75.8 | C9: =IFERROR(AVERAGE(OFFSET(Chart_Data!$K$1,MAX(1,$B$13-4),0,MIN(5,$B$13),1)),"") -> 92.3775 | D9: =IFERROR(AVERAGE(OFFSET(Chart_Data!$D$1,MAX(1,D13-4),0,MIN(5,D13),1)),"") -> 37.2 | E9: =IFERROR(AVERAGE(OFFSET(Chart_Data!$E$1,MAX(1,$B$13-4),0,MIN(5,$B$13),1)),"") -> 90.79 | F9: =IFERROR(AVERAGE(OFFSET(Chart_Data!$F$1,MAX(1,F13-4),0,MIN(5,F13),1)),"") -> 16.8 | G9: =IFERROR(AVERAGE(OFFSET(Chart_Data!$G$1,MAX(1,$B$13-4),0,MIN(5,$B$13),1)),"") -> 67.3375 | H9: =IFERROR(AVERAGE(OFFSET(Chart_Data!$H$1,MAX(1,H13-4),0,MIN(5,H13),1)),"") -> 21.8 | I9: =IFERROR(AVERAGE(OFFSET(Chart_Data!$I$1,MAX(1,$B$13-4),0,MIN(5,$B$13),1)),"") -> 73.785
A10: RollAvg10 | B10: =IFERROR(AVERAGE(OFFSET(Chart_Data!$J$1,MAX(1,B13-9),0,MIN(10,B13),1)),"") -> 79.1 | C10: =IFERROR(AVERAGE(OFFSET(Chart_Data!$K$1,MAX(1,$B$13-9),0,MIN(10,$B$13),1)),"") -> 92.015556 | D10: =IFERROR(AVERAGE(OFFSET(Chart_Data!$D$1,MAX(1,D13-9),0,MIN(10,D13),1)),"") -> 38.4 | E10: =IFERROR(AVERAGE(OFFSET(Chart_Data!$E$1,MAX(1,$B$13-9),0,MIN(10,$B$13),1)),"") -> 92.475556 | F10: =IFERROR(AVERAGE(OFFSET(Chart_Data!$F$1,MAX(1,F13-9),0,MIN(10,F13),1)),"") -> 20.7 | G10: =IFERROR(AVERAGE(OFFSET(Chart_Data!$G$1,MAX(1,$B$13-9),0,MIN(10,$B$13),1)),"") -> 77.814444 | H10: =IFERROR(AVERAGE(OFFSET(Chart_Data!$H$1,MAX(1,H13-9),0,MIN(10,H13),1)),"") -> 20 | I10: =IFERROR(AVERAGE(OFFSET(Chart_Data!$I$1,MAX(1,$B$13-9),0,MIN(10,$B$13),1)),"") -> 71.315556
A11: Improvement | B11: =IFERROR(B2-INDEX(Chart_Data!$J$2:$J$401,1),"") -> -21 | C11: =IFERROR(C2-INDEX(Chart_Data!$K$2:$K$401,1),"") -> -9.7 | D11: =IFERROR(D2-INDEX(Chart_Data!$D$2:$D$401,1),"") -> -11 | E11: =IFERROR(E2-INDEX(Chart_Data!$E$2:$E$401,1),"") -> -22.51 | F11: =IFERROR(F2-INDEX(Chart_Data!$F$2:$F$401,1),"") -> -8 | G11: =IFERROR(G2-INDEX(Chart_Data!$G$2:$G$401,1),"") -> -6.3 | H11: =IFERROR(H2-INDEX(Chart_Data!$H$2:$H$401,1),"") -> -2 | I11: =IFERROR(I2-INDEX(Chart_Data!$I$2:$I$401,1),"") -> 0.01
A12: BestTillDate | B12: =IFERROR(MAX(Chart_Data!$J$2:$J$401),"") -> 95 | C12: =IFERROR(MAX(Chart_Data!$K$2:$K$401),"") -> 98.37 | D12: =IFERROR(MAX(Chart_Data!$D$2:$D$401),"") -> 50 | E12: =IFERROR(MAX(Chart_Data!$E$2:$E$401),"") -> 99.91 | F12: =IFERROR(MAX(Chart_Data!$F$2:$F$401),"") -> 36 | G12: =IFERROR(MAX(Chart_Data!$G$2:$G$401),"") -> 94.69 | H12: =IFERROR(MAX(Chart_Data!$H$2:$H$401),"") -> 36 | I12: =IFERROR(MAX(Chart_Data!$I$2:$I$401),"") -> 96.81
A13: Count | B13: =COUNT(Chart_Data!$J$2:$J$401) -> 10 | C13: =COUNT(Chart_Data!$K$2:$K$401) -> 9 | D13: =COUNT(Chart_Data!$D$2:$D$401) -> 10 | E13: =COUNT(Chart_Data!$E$2:$E$401) -> 9 | F13: =COUNT(Chart_Data!$F$2:$F$401) -> 10 | G13: =COUNT(Chart_Data!$G$2:$G$401) -> 9 | H13: =COUNT(Chart_Data!$H$2:$H$401) -> 10 | I13: =COUNT(Chart_Data!$I$2:$I$401) -> 9
A14: Last5vAvg | B14: =IFERROR(AVERAGE(OFFSET(Chart_Data!$J$1,MAX(1,B13-4),0,MIN(5,B13),1))-B3,"") -> -3.3 | C14: =IFERROR(AVERAGE(OFFSET(Chart_Data!$K$1,MAX(1,$B$13-4),0,MIN(5,$B$13),1))-C3,"") -> 0.36194444 | D14: =IFERROR(AVERAGE(OFFSET(Chart_Data!$D$1,MAX(1,D13-4),0,MIN(5,D13),1))-D3,"") -> -1.2 | E14: =IFERROR(AVERAGE(OFFSET(Chart_Data!$E$1,MAX(1,$B$13-4),0,MIN(5,$B$13),1))-E3,"") -> -1.6855556 | F14: =IFERROR(AVERAGE(OFFSET(Chart_Data!$F$1,MAX(1,F13-4),0,MIN(5,F13),1))-F3,"") -> -3.9 | G14: =IFERROR(AVERAGE(OFFSET(Chart_Data!$G$1,MAX(1,$B$13-4),0,MIN(5,$B$13),1))-G3,"") -> -10.476944 | H14: =IFERROR(AVERAGE(OFFSET(Chart_Data!$H$1,MAX(1,H13-4),0,MIN(5,H13),1))-H3,"") -> 1.8 | I14: =IFERROR(AVERAGE(OFFSET(Chart_Data!$I$1,MAX(1,$B$13-4),0,MIN(5,$B$13),1))-I3,"") -> 2.4694444
A15: Last10vAvg | B15: =IFERROR(AVERAGE(OFFSET(Chart_Data!$J$1,MAX(1,B13-9),0,MIN(10,B13),1))-B3,"") -> 0 | C15: =IFERROR(AVERAGE(OFFSET(Chart_Data!$K$1,MAX(1,$B$13-9),0,MIN(10,$B$13),1))-C3,"") -> 0 | D15: =IFERROR(AVERAGE(OFFSET(Chart_Data!$D$1,MAX(1,D13-9),0,MIN(10,D13),1))-D3,"") -> 0 | E15: =IFERROR(AVERAGE(OFFSET(Chart_Data!$E$1,MAX(1,$B$13-9),0,MIN(10,$B$13),1))-E3,"") -> 0 | F15: =IFERROR(AVERAGE(OFFSET(Chart_Data!$F$1,MAX(1,F13-9),0,MIN(10,F13),1))-F3,"") -> 0 | G15: =IFERROR(AVERAGE(OFFSET(Chart_Data!$G$1,MAX(1,$B$13-9),0,MIN(10,$B$13),1))-G3,"") -> 0 | H15: =IFERROR(AVERAGE(OFFSET(Chart_Data!$H$1,MAX(1,H13-9),0,MIN(10,H13),1))-H3,"") -> 0 | I15: =IFERROR(AVERAGE(OFFSET(Chart_Data!$I$1,MAX(1,$B$13-9),0,MIN(10,$B$13),1))-I3,"") -> 0
A16: ConsistencyIdx | B16: =IFERROR(100*(1-B8/B3),"") -> 84.754015 | C16: =IFERROR(100*(1-C8/C3),"") -> 92.938362 | D16: =IFERROR(100*(1-D8/D3),"") -> 74.185014 | E16: =IFERROR(100*(1-E8/E3),"") -> 88.0758 | F16: =IFERROR(100*(1-F8/F3),"") -> 54.851087 | G16: =IFERROR(100*(1-G8/G3),"") -> 75.034975 | H16: =IFERROR(100*(1-H8/H3),"") -> 60.984334 | I16: =IFERROR(100*(1-I8/I3),"") -> 77.675959
A17: AvgDaysBetween | B17: =IFERROR((_xlfn.MAXIFS('Mock Database'!$I$3:$I$400,'Mock Database'!$J$3:$J$400,"Completed")-_xlfn.MINIFS('Mock Database'!$I$3:$I$400,'Mock Database'!$J$3:$J$400,"Completed"))/MAX(B13-1,1),"") -> 8.7777778
A18: StrongestSec | B18: =IFERROR(IF(D3>=F3,IF(D3>=H3,"VARC","QA"),IF(F3>=H3,"DILR","QA")),"—") -> VARC
A19: WeakestSec | B19: =IFERROR(IF(D3<=F3,IF(D3<=H3,"VARC","QA"),IF(F3<=H3,"DILR","QA")),"—") -> QA
A20: MostImprovedSec | B20: =IFERROR(IF(D11>=F11,IF(D11>=H11,"VARC","QA"),IF(F11>=H11,"DILR","QA")),"—") -> QA
A22: PlannedTotal | B22: =COUNTIFS('Mock Database'!$D$3:$D$400,"<>",'Mock Database'!$H$3:$H$400,"<>") -> 100
A23: Completed | B23: =COUNTIF('Mock Database'!$J$3:$J$400,"Completed") -> 10
A24: Pending | B24: =B22-B23 -> 90
A25: CompletionPct | B25: =IFERROR(B23/B22,0) -> 0.1
A26: AnalysisDone | B26: =COUNTIFS('Mock Database'!$J$3:$J$400,"Completed",'Mock Database'!$K$3:$K$400,"Yes") -> 10
A27: AnalysisPending | B27: =B23-B26 -> 0
A28: AnalysisPct | B28: =IFERROR(B26/B23,0) -> 1
A29: DaysToCAT | B29: =DATE(2026,11,29)-TODAY() -> 111
A30: LastAttempted | B30: =IFERROR(_xlfn.MAXIFS('Mock Database'!$I$3:$I$400,'Mock Database'!$J$3:$J$400,"Completed"),"") -> 46216
A31: PaceNeeded (days/mock) | B31: =IFERROR(IF(B24<=0,"",B29/B24),"") -> 1.2333333
A32: Trend (per mock) | B32: =IFERROR(SLOPE(Chart_Data!$J$2:$J$401,Chart_Data!$A$2:$A$401),"") -> -1.5212121 | C32: =IFERROR(SLOPE(Chart_Data!$K$2:$K$401,Chart_Data!$A$2:$A$401),"") -> -0.41654839 | D32: =IFERROR(SLOPE(Chart_Data!$D$2:$D$401,Chart_Data!$A$2:$A$401),"") -> -0.83636364 | E32: =IFERROR(SLOPE(Chart_Data!$E$2:$E$401,Chart_Data!$A$2:$A$401),"") -> -1.3071129 | F32: =IFERROR(SLOPE(Chart_Data!$F$2:$F$401,Chart_Data!$A$2:$A$401),"") -> -1.2181818 | G32: =IFERROR(SLOPE(Chart_Data!$G$2:$G$401,Chart_Data!$A$2:$A$401),"") -> -2.5792903 | H32: =IFERROR(SLOPE(Chart_Data!$H$2:$H$401,Chart_Data!$A$2:$A$401),"") -> 0.53333333 | I32: =IFERROR(SLOPE(Chart_Data!$I$2:$I$401,Chart_Data!$A$2:$A$401),"") -> 0.66185484
A33: Projected Next | B33: =IFERROR(FORECAST(COUNT(Chart_Data!$J$2:$J$401)+1,Chart_Data!$J$2:$J$401,Chart_Data!$A$2:$A$401),"") -> 70.733333 | C33: =IFERROR(FORECAST($B$13+1,Chart_Data!$K$2:$K$401,Chart_Data!$A$2:$A$401),"") -> 89.562548 | D33: =IFERROR(FORECAST(COUNT(Chart_Data!$D$2:$D$401)+1,Chart_Data!$D$2:$D$401,Chart_Data!$A$2:$A$401),"") -> 33.8 | E33: =IFERROR(FORECAST($B$13+1,Chart_Data!$E$2:$E$401,Chart_Data!$A$2:$A$401),"") -> 84.778113 | F33: =IFERROR(FORECAST(COUNT(Chart_Data!$F$2:$F$401)+1,Chart_Data!$F$2:$F$401,Chart_Data!$A$2:$A$401),"") -> 14 | G33: =IFERROR(FORECAST($B$13+1,Chart_Data!$G$2:$G$401,Chart_Data!$A$2:$A$401),"") -> 62.62529 | H33: =IFERROR(FORECAST(COUNT(Chart_Data!$H$2:$H$401)+1,Chart_Data!$H$2:$H$401,Chart_Data!$A$2:$A$401),"") -> 22.933333 | I33: =IFERROR(FORECAST($B$13+1,Chart_Data!$I$2:$I$401,Chart_Data!$A$2:$A$401),"") -> 75.213145
A34: Coeff of Var % | B34: =IFERROR(100*B8/B3,"") -> 15.245985 | C34: =IFERROR(100*C8/C3,"") -> 7.0616382 | D34: =IFERROR(100*D8/D3,"") -> 25.814986 | E34: =IFERROR(100*E8/E3,"") -> 11.9242 | F34: =IFERROR(100*F8/F3,"") -> 45.148913 | G34: =IFERROR(100*G8/G3,"") -> 24.965025 | H34: =IFERROR(100*H8/H3,"") -> 39.015666 | I34: =IFERROR(100*I8/I3,"") -> 22.324041
A35: GP Weighted Avg (Overall Sc) | B35: {=IFERROR(SUMPRODUCT(IF(cd_Ovrsc="",0,cd_Ovrsc)*($B$42^($K$2-cd_Idx)))/SUMPRODUCT(IF(cd_Ovrsc="",0,1)*($B$42^($K$2-cd_Idx))),"")} -> 78.350278
A36: 🎯 TARGETS & READINESS
A37: Metric | B37: Target | C37: Recent (5) | D37: Gap | E37: Status | F37: Mocks @ trend
A38: Overall %ile | B38: 99.9 | C38: =IFERROR(C9,"") -> 92.3775 | D38: =IFERROR(B38-C38,"") -> 7.5225 | E38: =IF(C38="","—",IF(C38>=B38,"✓ On target",IF(C32>0,"Closing +"&TEXT(C32,"0.0")&"/mock","Behind"))) -> Behind | F38: =IF(C38="","—",IF(D38<=0,"✓ met",IF(C32<=0,"not closing",ROUND(D38/C32,0)))) -> not closing
A39: VARC Score | B39: 55 | C39: =IFERROR(D9,"") -> 37.2 | D39: =IFERROR(B39-C39,"") -> 17.8 | E39: =IF(C39="","—",IF(C39>=B39,"✓ On target",IF(D32>0,"Closing +"&TEXT(D32,"0.0")&"/mock","Behind"))) -> Behind | F39: =IF(C39="","—",IF(D39<=0,"✓ met",IF(D32<=0,"not closing",ROUND(D39/D32,0)))) -> not closing
A40: DILR Score | B40: 40 | C40: =IFERROR(F9,"") -> 16.8 | D40: =IFERROR(B40-C40,"") -> 23.2 | E40: =IF(C40="","—",IF(C40>=B40,"✓ On target",IF(F32>0,"Closing +"&TEXT(F32,"0.0")&"/mock","Behind"))) -> Behind | F40: =IF(C40="","—",IF(D40<=0,"✓ met",IF(F32<=0,"not closing",ROUND(D40/F32,0)))) -> not closing
A41: QA Score | B41: 45 | C41: =IFERROR(H9,"") -> 21.8 | D41: =IFERROR(B41-C41,"") -> 23.2 | E41: =IF(C41="","—",IF(C41>=B41,"✓ On target",IF(H32>0,"Closing +"&TEXT(H32,"0.0")&"/mock","Behind"))) -> Closing +0.5/mock | F41: =IF(C41="","—",IF(D41<=0,"✓ met",IF(H32<=0,"not closing",ROUND(D41/H32,0)))) -> 44
A42: GP decay ratio r (0.50–0.99) | B42: 0.945
A43: ⚙ ATTEMPT EFFICIENCY (completed mocks)
A44: Section | B44: Avg Attempts | C44: Avg Correct | D44: Avg Incorrect | E44: Avg Accuracy | F44: Marks / Attempt
A45: VARC | B45: =IFERROR(AVERAGEIFS('Mock Database'!$O$3:$O$152,'Mock Database'!$J$3:$J$152,"Completed"),"") -> 24 | C45: =IFERROR(AVERAGEIFS('Mock Database'!$P$3:$P$152,'Mock Database'!$J$3:$J$152,"Completed"),"") -> 15.1 | D45: =IFERROR(AVERAGEIFS('Mock Database'!$Q$3:$Q$152,'Mock Database'!$J$3:$J$152,"Completed"),"") -> 8.9 | E45: =IFERROR(AVERAGEIFS('Mock Database'!$R$3:$R$152,'Mock Database'!$J$3:$J$152,"Completed"),"") -> 0.62916667 | F45: =IFERROR(D3/B45,"") -> 1.6
A46: DILR | B46: =IFERROR(AVERAGEIFS('Mock Database'!$U$3:$U$152,'Mock Database'!$J$3:$J$152,"Completed"),"") -> 11 | C46: =IFERROR(AVERAGEIFS('Mock Database'!$V$3:$V$152,'Mock Database'!$J$3:$J$152,"Completed"),"") -> 7.3 | D46: =IFERROR(AVERAGEIFS('Mock Database'!$W$3:$W$152,'Mock Database'!$J$3:$J$152,"Completed"),"") -> 3.7 | E46: =IFERROR(AVERAGEIFS('Mock Database'!$X$3:$X$152,'Mock Database'!$J$3:$J$152,"Completed"),"") -> 0.66860334 | F46: =IFERROR(F3/B46,"") -> 1.8818182
A47: QA | B47: =IFERROR(AVERAGEIFS('Mock Database'!$AA$3:$AA$152,'Mock Database'!$J$3:$J$152,"Completed"),"") -> 10.9 | C47: =IFERROR(AVERAGEIFS('Mock Database'!$AB$3:$AB$152,'Mock Database'!$J$3:$J$152,"Completed"),"") -> 7 | D47: =IFERROR(AVERAGEIFS('Mock Database'!$AC$3:$AC$152,'Mock Database'!$J$3:$J$152,"Completed"),"") -> 3.9 | E47: =IFERROR(AVERAGEIFS('Mock Database'!$AD$3:$AD$152,'Mock Database'!$J$3:$J$152,"Completed"),"") -> 0.65400183 | F47: =IFERROR(H3/B47,"") -> 1.8348624
A48: Overall | B48: =IFERROR(AVERAGEIFS('Mock Database'!$AG$3:$AG$152,'Mock Database'!$J$3:$J$152,"Completed"),"") -> 45.9 | C48: =IFERROR(AVERAGEIFS('Mock Database'!$AH$3:$AH$152,'Mock Database'!$J$3:$J$152,"Completed"),"") -> 29.4 | D48: =IFERROR(AVERAGEIFS('Mock Database'!$AI$3:$AI$152,'Mock Database'!$J$3:$J$152,"Completed"),"") -> 16.5 | E48: =IFERROR(AVERAGEIFS('Mock Database'!$AJ$3:$AJ$152,'Mock Database'!$J$3:$J$152,"Completed"),"") -> 0.64489899 | F48: =IFERROR(B3/B48,"") -> 1.7233115
A50: Efficiency Insight | B50: =IFERROR("Most efficient: "&INDEX($A$45:$A$47,MATCH(MAX($F$45:$F$47),$F$45:$F$47,0))&" ("&TEXT(MAX($F$45:$F$47),"0.00")&" marks/attempt) · Least efficient: "&INDEX($A$45:$A$47,MATCH(MIN($F$45:$F$47),$F$45:$F$47,0))&" ("&TEXT(MIN($F$45:$F$47),"0.00")&") · Most negatives: "&INDEX($A$45:$A$47,MATCH(MAX($D$45:$D$47),$D$45:$D$47,0))&" ("&TEXT(MAX($D$45:$D$47),"0.0")&" wrong/mock)","—") -> Most efficient: DILR (1.88 marks/attempt) · Least efficient: VARC (1.60) · Most negatives: VARC (8.9 wrong/mock)

Sheet Section Analysis
A1: CAT 2026 — Section Analysis | Made by Devansh Gohil
A2: All metrics derived from Mock Database · Completed mocks only · blanks safely ignored
A4: ◆ Overall
A5: Metric | B5: Score | C5: Percentile | D5: Signal | E5: n
A6: Latest | B6: =IFERROR(Calculations!B2,"—") -> 55 | C6: =IFERROR(Calculations!C2,"—") -> 79.22 | D6: =IFERROR(IF(Calculations!B2>=Calculations!B3,"▲ Above avg","▼ Below avg"),"—") -> ▼ Below avg | E6: =IFERROR(Calculations!B13,"") -> 10
A7: Average | B7: =IFERROR(Calculations!B3,"—") -> 79.1 | C7: =IFERROR(Calculations!C3,"—") -> 92.015556
A8: Median | B8: =IFERROR(Calculations!B4,"—") -> 82.5 | C8: =IFERROR(Calculations!C4,"—") -> 94.82
A9: Highest | B9: =IFERROR(Calculations!B5,"—") -> 95 | C9: =IFERROR(Calculations!C5,"—") -> 98.37
A10: Lowest | B10: =IFERROR(Calculations!B6,"—") -> 55 | C10: =IFERROR(Calculations!C6,"—") -> 79.22
A11: Variance | B11: =IFERROR(Calculations!B7,"—") -> 145.43333 | C11: =IFERROR(Calculations!C7,"—") -> 42.221478
A12: Std Deviation | B12: =IFERROR(Calculations!B8,"—") -> 12.059574 | C12: =IFERROR(Calculations!C8,"—") -> 6.4978056
A13: Rolling Avg (5) | B13: =IFERROR(Calculations!B9,"—") -> 75.8 | C13: =IFERROR(Calculations!C9,"—") -> 92.3775
A14: Rolling Avg (10) | B14: =IFERROR(Calculations!B10,"—") -> 79.1 | C14: =IFERROR(Calculations!C10,"—") -> 92.015556
A15: Improvement | B15: =IFERROR(Calculations!B11,"—") -> -21 | C15: =IFERROR(Calculations!C11,"—") -> -9.7 | D15: =IFERROR(IF(Calculations!B11>=0,"▲ Positive","▼ Negative"),"—") -> ▼ Negative
A16: Best Till Date | B16: =IFERROR(Calculations!B12,"—") -> 95 | C16: =IFERROR(Calculations!C12,"—") -> 98.37
A17: Last 5 vs Avg | B17: =IFERROR(Calculations!B14,"—") -> -3.3 | C17: =IFERROR(Calculations!C14,"—") -> 0.36194444 | D17: =IFERROR(IF(Calculations!B14>=0,"▲ Positive","▼ Negative"),"—") -> ▼ Negative
A18: Last 10 vs Avg | B18: =IFERROR(Calculations!B15,"—") -> 0 | C18: =IFERROR(Calculations!C15,"—") -> 0 | D18: =IFERROR(IF(Calculations!B15>=0,"▲ Positive","▼ Negative"),"—") -> ▲ Positive
A19: Consistency Index | B19: =IFERROR(Calculations!B16,"—") -> 84.754015 | C19: =IFERROR(Calculations!C16,"—") -> 92.938362 | D19: =IFERROR(IF(Calculations!B16>=90,"●●● High",IF(Calculations!B16>=75,"●●○ Medium","●○○ Low")),"—") -> ●●○ Medium
A20: ◆ VARC
A21: Metric | B21: Score | C21: Percentile | D21: Signal | E21: n
A22: Latest | B22: =IFERROR(Calculations!D2,"—") -> 20 | C22: =IFERROR(Calculations!E2,"—") -> 65.51 | D22: =IFERROR(IF(Calculations!D2>=Calculations!D3,"▲ Above avg","▼ Below avg"),"—") -> ▼ Below avg | E22: =IFERROR(Calculations!D13,"") -> 10
A23: Average | B23: =IFERROR(Calculations!D3,"—") -> 38.4 | C23: =IFERROR(Calculations!E3,"—") -> 92.475556
A24: Median | B24: =IFERROR(Calculations!D4,"—") -> 37.5 | C24: =IFERROR(Calculations!E4,"—") -> 98.12
A25: Highest | B25: =IFERROR(Calculations!D5,"—") -> 50 | C25: =IFERROR(Calculations!E5,"—") -> 99.91
A26: Lowest | B26: =IFERROR(Calculations!D6,"—") -> 20 | C26: =IFERROR(Calculations!E6,"—") -> 65.51
A27: Variance | B27: =IFERROR(Calculations!D7,"—") -> 98.266667 | C27: =IFERROR(Calculations!E7,"—") -> 121.59408
A28: Std Deviation | B28: =IFERROR(Calculations!D8,"—") -> 9.9129545 | C28: =IFERROR(Calculations!E8,"—") -> 11.02697
A29: Rolling Avg (5) | B29: =IFERROR(Calculations!D9,"—") -> 37.2 | C29: =IFERROR(Calculations!E9,"—") -> 90.79
A30: Rolling Avg (10) | B30: =IFERROR(Calculations!D10,"—") -> 38.4 | C30: =IFERROR(Calculations!E10,"—") -> 92.475556
A31: Improvement | B31: =IFERROR(Calculations!D11,"—") -> -11 | C31: =IFERROR(Calculations!E11,"—") -> -22.51 | D31: =IFERROR(IF(Calculations!D11>=0,"▲ Positive","▼ Negative"),"—") -> ▼ Negative
A32: Best Till Date | B32: =IFERROR(Calculations!D12,"—") -> 50 | C32: =IFERROR(Calculations!E12,"—") -> 99.91
A33: Last 5 vs Avg | B33: =IFERROR(Calculations!D14,"—") -> -1.2 | C33: =IFERROR(Calculations!E14,"—") -> -1.6855556 | D33: =IFERROR(IF(Calculations!D14>=0,"▲ Positive","▼ Negative"),"—") -> ▼ Negative
A34: Last 10 vs Avg | B34: =IFERROR(Calculations!D15,"—") -> 0 | C34: =IFERROR(Calculations!E15,"—") -> 0 | D34: =IFERROR(IF(Calculations!D15>=0,"▲ Positive","▼ Negative"),"—") -> ▲ Positive
A35: Consistency Index | B35: =IFERROR(Calculations!D16,"—") -> 74.185014 | C35: =IFERROR(Calculations!E16,"—") -> 88.0758 | D35: =IFERROR(IF(Calculations!D16>=90,"●●● High",IF(Calculations!D16>=75,"●●○ Medium","●○○ Low")),"—") -> ●○○ Low
A36: ◆ DILR
A37: Metric | B37: Score | C37: Percentile | D37: Signal | E37: n
A38: Latest | B38: =IFERROR(Calculations!F2,"—") -> 16 | C38: =IFERROR(Calculations!G2,"—") -> 83.74 | D38: =IFERROR(IF(Calculations!F2>=Calculations!F3,"▲ Above avg","▼ Below avg"),"—") -> ▼ Below avg | E38: =IFERROR(Calculations!F13,"") -> 10
A39: Average | B39: =IFERROR(Calculations!F3,"—") -> 20.7 | C39: =IFERROR(Calculations!G3,"—") -> 77.814444
A40: Median | B40: =IFERROR(Calculations!F4,"—") -> 22 | C40: =IFERROR(Calculations!G4,"—") -> 83.74
A41: Highest | B41: =IFERROR(Calculations!F5,"—") -> 36 | C41: =IFERROR(Calculations!G5,"—") -> 94.69
A42: Lowest | B42: =IFERROR(Calculations!F6,"—") -> 3 | C42: =IFERROR(Calculations!G6,"—") -> 33.84
A43: Variance | B43: =IFERROR(Calculations!F7,"—") -> 87.344444 | C43: =IFERROR(Calculations!G7,"—") -> 377.38483
A44: Std Deviation | B44: =IFERROR(Calculations!F8,"—") -> 9.345825 | C44: =IFERROR(Calculations!G8,"—") -> 19.426395
A45: Rolling Avg (5) | B45: =IFERROR(Calculations!F9,"—") -> 16.8 | C45: =IFERROR(Calculations!G9,"—") -> 67.3375
A46: Rolling Avg (10) | B46: =IFERROR(Calculations!F10,"—") -> 20.7 | C46: =IFERROR(Calculations!G10,"—") -> 77.814444
A47: Improvement | B47: =IFERROR(Calculations!F11,"—") -> -8 | C47: =IFERROR(Calculations!G11,"—") -> -6.3 | D47: =IFERROR(IF(Calculations!F11>=0,"▲ Positive","▼ Negative"),"—") -> ▼ Negative
A48: Best Till Date | B48: =IFERROR(Calculations!F12,"—") -> 36 | C48: =IFERROR(Calculations!G12,"—") -> 94.69
A49: Last 5 vs Avg | B49: =IFERROR(Calculations!F14,"—") -> -3.9 | C49: =IFERROR(Calculations!G14,"—") -> -10.476944 | D49: =IFERROR(IF(Calculations!F14>=0,"▲ Positive","▼ Negative"),"—") -> ▼ Negative
A50: Last 10 vs Avg | B50: =IFERROR(Calculations!F15,"—") -> 0 | C50: =IFERROR(Calculations!G15,"—") -> 0 | D50: =IFERROR(IF(Calculations!F15>=0,"▲ Positive","▼ Negative"),"—") -> ▲ Positive
A51: Consistency Index | B51: =IFERROR(Calculations!F16,"—") -> 54.851087 | C51: =IFERROR(Calculations!G16,"—") -> 75.034975 | D51: =IFERROR(IF(Calculations!F16>=90,"●●● High",IF(Calculations!F16>=75,"●●○ Medium","●○○ Low")),"—") -> ●○○ Low
A52: ◆ QA
A53: Metric | B53: Score | C53: Percentile | D53: Signal | E53: n
A54: Latest | B54: =IFERROR(Calculations!H2,"—") -> 19 | C54: =IFERROR(Calculations!I2,"—") -> 69.82 | D54: =IFERROR(IF(Calculations!H2>=Calculations!H3,"▲ Above avg","▼ Below avg"),"—") -> ▼ Below avg | E54: =IFERROR(Calculations!H13,"") -> 10
A55: Average | B55: =IFERROR(Calculations!H3,"—") -> 20 | C55: =IFERROR(Calculations!I3,"—") -> 71.315556
A56: Median | B56: =IFERROR(Calculations!H4,"—") -> 20.5 | C56: =IFERROR(Calculations!I4,"—") -> 69.82
A57: Highest | B57: =IFERROR(Calculations!H5,"—") -> 36 | C57: =IFERROR(Calculations!I5,"—") -> 96.81
A58: Lowest | B58: =IFERROR(Calculations!H6,"—") -> 10 | C58: =IFERROR(Calculations!I6,"—") -> 45.38
A59: Variance | B59: =IFERROR(Calculations!H7,"—") -> 60.888889 | C59: =IFERROR(Calculations!I7,"—") -> 253.46275
A60: Std Deviation | B60: =IFERROR(Calculations!H8,"—") -> 7.8031333 | C60: =IFERROR(Calculations!I8,"—") -> 15.920514
A61: Rolling Avg (5) | B61: =IFERROR(Calculations!H9,"—") -> 21.8 | C61: =IFERROR(Calculations!I9,"—") -> 73.785
A62: Rolling Avg (10) | B62: =IFERROR(Calculations!H10,"—") -> 20 | C62: =IFERROR(Calculations!I10,"—") -> 71.315556
A63: Improvement | B63: =IFERROR(Calculations!H11,"—") -> -2 | C63: =IFERROR(Calculations!I11,"—") -> 0.01 | D63: =IFERROR(IF(Calculations!H11>=0,"▲ Positive","▼ Negative"),"—") -> ▼ Negative
A64: Best Till Date | B64: =IFERROR(Calculations!H12,"—") -> 36 | C64: =IFERROR(Calculations!I12,"—") -> 96.81
A65: Last 5 vs Avg | B65: =IFERROR(Calculations!H14,"—") -> 1.8 | C65: =IFERROR(Calculations!I14,"—") -> 2.4694444 | D65: =IFERROR(IF(Calculations!H14>=0,"▲ Positive","▼ Negative"),"—") -> ▲ Positive
A66: Last 10 vs Avg | B66: =IFERROR(Calculations!H15,"—") -> 0 | C66: =IFERROR(Calculations!I15,"—") -> 0 | D66: =IFERROR(IF(Calculations!H15>=0,"▲ Positive","▼ Negative"),"—") -> ▲ Positive
A67: Consistency Index | B67: =IFERROR(Calculations!H16,"—") -> 60.984334 | C67: =IFERROR(Calculations!I16,"—") -> 77.675959 | D67: =IFERROR(IF(Calculations!H16>=90,"●●● High",IF(Calculations!H16>=75,"●●○ Medium","●○○ Low")),"—") -> ●○○ Low
A70: ◆ Section Summary
A71: Strongest Section | B71: =IFERROR(Calculations!B18,"—") -> VARC
A72: Weakest Section | B72: =IFERROR(Calculations!B19,"—") -> QA
A73: Most Improved Section | B73: =IFERROR(Calculations!B20,"—") -> QA
A74: Avg Days Between Mocks | B74: =IFERROR(TEXT(Calculations!B17,"0.0")&" days","—") -> 8.8 days
A76: ◆ Attempt Efficiency
A77: Section | B77: Attempts | C77: Correct | D77: Incorrect | E77: Accuracy | F77: Marks/Att
A78: VARC | B78: =IFERROR(Calculations!B45,"—") -> 24 | C78: =IFERROR(Calculations!C45,"—") -> 15.1 | D78: =IFERROR(Calculations!D45,"—") -> 8.9 | E78: =IFERROR(Calculations!E45,"—") -> 0.62916667 | F78: =IFERROR(Calculations!F45,"—") -> 1.6
A79: DILR | B79: =IFERROR(Calculations!B46,"—") -> 11 | C79: =IFERROR(Calculations!C46,"—") -> 7.3 | D79: =IFERROR(Calculations!D46,"—") -> 3.7 | E79: =IFERROR(Calculations!E46,"—") -> 0.66860334 | F79: =IFERROR(Calculations!F46,"—") -> 1.8818182
A80: QA | B80: =IFERROR(Calculations!B47,"—") -> 10.9 | C80: =IFERROR(Calculations!C47,"—") -> 7 | D80: =IFERROR(Calculations!D47,"—") -> 3.9 | E80: =IFERROR(Calculations!E47,"—") -> 0.65400183 | F80: =IFERROR(Calculations!F47,"—") -> 1.8348624
A81: Overall | B81: =IFERROR(Calculations!B48,"—") -> 45.9 | C81: =IFERROR(Calculations!C48,"—") -> 29.4 | D81: =IFERROR(Calculations!D48,"—") -> 16.5 | E81: =IFERROR(Calculations!E48,"—") -> 0.64489899 | F81: =IFERROR(Calculations!F48,"—") -> 1.7233115
A83: =IFERROR(" ◈ "&Calculations!B50," —") -> ◈ Most efficient: DILR (1.88 marks/attempt) · Least efficient: VARC (1.60) · Most negatives: VARC (8.9 wrong/mock)
A85: ★ Made by Devansh Gohil · CAT 2026 Analytics · Formula-driven · Excel & Google Sheets compatible

Sheet Provider Analysis
A1: CAT 2026 — Provider & Series Analysis | Made by Devansh Gohil
A2: Average scores by provider, series and mock type — providers in priority order
A4: ◆ By Provider
A5: Name | B5: Cnt | C5: Ovr Avg Sc | D5: Ovr Avg % | E5: VARC Avg Sc | F5: VARC Avg % | G5: DILR Avg Sc | H5: DILR Avg % | I5: QA Avg Sc | J5: QA Avg %
A6: =Lists!A2 -> IMS | B6: =COUNTIFS('Mock Database'!$E$3:$E$152,$A6,'Mock Database'!$J$3:$J$152,"Completed") -> 10 | C6: =IFERROR(AVERAGEIFS('Mock Database'!$AE$3:$AE$152,'Mock Database'!$E$3:$E$152,$A6,'Mock Database'!$J$3:$J$152,"Completed"),"") -> 79.1 | D6: =IFERROR(AVERAGEIFS('Mock Database'!$AF$3:$AF$152,'Mock Database'!$E$3:$E$152,$A6,'Mock Database'!$J$3:$J$152,"Completed"),"") -> 92.015556 | E6: =IFERROR(AVERAGEIFS('Mock Database'!$M$3:$M$152,'Mock Database'!$E$3:$E$152,$A6,'Mock Database'!$J$3:$J$152,"Completed"),"") -> 38.4 | F6: =IFERROR(AVERAGEIFS('Mock Database'!$N$3:$N$152,'Mock Database'!$E$3:$E$152,$A6,'Mock Database'!$J$3:$J$152,"Completed"),"") -> 92.475556 | G6: =IFERROR(AVERAGEIFS('Mock Database'!$S$3:$S$152,'Mock Database'!$E$3:$E$152,$A6,'Mock Database'!$J$3:$J$152,"Completed"),"") -> 20.7 | H6: =IFERROR(AVERAGEIFS('Mock Database'!$T$3:$T$152,'Mock Database'!$E$3:$E$152,$A6,'Mock Database'!$J$3:$J$152,"Completed"),"") -> 77.814444 | I6: =IFERROR(AVERAGEIFS('Mock Database'!$Y$3:$Y$152,'Mock Database'!$E$3:$E$152,$A6,'Mock Database'!$J$3:$J$152,"Completed"),"") -> 20 | J6: =IFERROR(AVERAGEIFS('Mock Database'!$Z$3:$Z$152,'Mock Database'!$E$3:$E$152,$A6,'Mock Database'!$J$3:$J$152,"Completed"),"") -> 71.315556
A7: =Lists!A3 -> Cracku | B7: =COUNTIFS('Mock Database'!$E$3:$E$152,$A7,'Mock Database'!$J$3:$J$152,"Completed") -> 0 | C7: =IFERROR(AVERAGEIFS('Mock Database'!$AE$3:$AE$152,'Mock Database'!$E$3:$E$152,$A7,'Mock Database'!$J$3:$J$152,"Completed"),"") | D7: =IFERROR(AVERAGEIFS('Mock Database'!$AF$3:$AF$152,'Mock Database'!$E$3:$E$152,$A7,'Mock Database'!$J$3:$J$152,"Completed"),"") | E7: =IFERROR(AVERAGEIFS('Mock Database'!$M$3:$M$152,'Mock Database'!$E$3:$E$152,$A7,'Mock Database'!$J$3:$J$152,"Completed"),"") | F7: =IFERROR(AVERAGEIFS('Mock Database'!$N$3:$N$152,'Mock Database'!$E$3:$E$152,$A7,'Mock Database'!$J$3:$J$152,"Completed"),"") | G7: =IFERROR(AVERAGEIFS('Mock Database'!$S$3:$S$152,'Mock Database'!$E$3:$E$152,$A7,'Mock Database'!$J$3:$J$152,"Completed"),"") | H7: =IFERROR(AVERAGEIFS('Mock Database'!$T$3:$T$152,'Mock Database'!$E$3:$E$152,$A7,'Mock Database'!$J$3:$J$152,"Completed"),"") | I7: =IFERROR(AVERAGEIFS('Mock Database'!$Y$3:$Y$152,'Mock Database'!$E$3:$E$152,$A7,'Mock Database'!$J$3:$J$152,"Completed"),"") | J7: =IFERROR(AVERAGEIFS('Mock Database'!$Z$3:$Z$152,'Mock Database'!$E$3:$E$152,$A7,'Mock Database'!$J$3:$J$152,"Completed"),"")
A8: =Lists!A4 -> Arun Sharma | B8: =COUNTIFS('Mock Database'!$E$3:$E$152,$A8,'Mock Database'!$J$3:$J$152,"Completed") -> 0 | C8: =IFERROR(AVERAGEIFS('Mock Database'!$AE$3:$AE$152,'Mock Database'!$E$3:$E$152,$A8,'Mock Database'!$J$3:$J$152,"Completed"),"") | D8: =IFERROR(AVERAGEIFS('Mock Database'!$AF$3:$AF$152,'Mock Database'!$E$3:$E$152,$A8,'Mock Database'!$J$3:$J$152,"Completed"),"") | E8: =IFERROR(AVERAGEIFS('Mock Database'!$M$3:$M$152,'Mock Database'!$E$3:$E$152,$A8,'Mock Database'!$J$3:$J$152,"Completed"),"") | F8: =IFERROR(AVERAGEIFS('Mock Database'!$N$3:$N$152,'Mock Database'!$E$3:$E$152,$A8,'Mock Database'!$J$3:$J$152,"Completed"),"") | G8: =IFERROR(AVERAGEIFS('Mock Database'!$S$3:$S$152,'Mock Database'!$E$3:$E$152,$A8,'Mock Database'!$J$3:$J$152,"Completed"),"") | H8: =IFERROR(AVERAGEIFS('Mock Database'!$T$3:$T$152,'Mock Database'!$E$3:$E$152,$A8,'Mock Database'!$J$3:$J$152,"Completed"),"") | I8: =IFERROR(AVERAGEIFS('Mock Database'!$Y$3:$Y$152,'Mock Database'!$E$3:$E$152,$A8,'Mock Database'!$J$3:$J$152,"Completed"),"") | J8: =IFERROR(AVERAGEIFS('Mock Database'!$Z$3:$Z$152,'Mock Database'!$E$3:$E$152,$A8,'Mock Database'!$J$3:$J$152,"Completed"),"")
A9: =Lists!A5 -> TIME | B9: =COUNTIFS('Mock Database'!$E$3:$E$152,$A9,'Mock Database'!$J$3:$J$152,"Completed") -> 0 | C9: =IFERROR(AVERAGEIFS('Mock Database'!$AE$3:$AE$152,'Mock Database'!$E$3:$E$152,$A9,'Mock Database'!$J$3:$J$152,"Completed"),"") | D9: =IFERROR(AVERAGEIFS('Mock Database'!$AF$3:$AF$152,'Mock Database'!$E$3:$E$152,$A9,'Mock Database'!$J$3:$J$152,"Completed"),"") | E9: =IFERROR(AVERAGEIFS('Mock Database'!$M$3:$M$152,'Mock Database'!$E$3:$E$152,$A9,'Mock Database'!$J$3:$J$152,"Completed"),"") | F9: =IFERROR(AVERAGEIFS('Mock Database'!$N$3:$N$152,'Mock Database'!$E$3:$E$152,$A9,'Mock Database'!$J$3:$J$152,"Completed"),"") | G9: =IFERROR(AVERAGEIFS('Mock Database'!$S$3:$S$152,'Mock Database'!$E$3:$E$152,$A9,'Mock Database'!$J$3:$J$152,"Completed"),"") | H9: =IFERROR(AVERAGEIFS('Mock Database'!$T$3:$T$152,'Mock Database'!$E$3:$E$152,$A9,'Mock Database'!$J$3:$J$152,"Completed"),"") | I9: =IFERROR(AVERAGEIFS('Mock Database'!$Y$3:$Y$152,'Mock Database'!$E$3:$E$152,$A9,'Mock Database'!$J$3:$J$152,"Completed"),"") | J9: =IFERROR(AVERAGEIFS('Mock Database'!$Z$3:$Z$152,'Mock Database'!$E$3:$E$152,$A9,'Mock Database'!$J$3:$J$152,"Completed"),"")
A10: =Lists!A6 -> Career Launcher | B10: =COUNTIFS('Mock Database'!$E$3:$E$152,$A10,'Mock Database'!$J$3:$J$152,"Completed") -> 0 | C10: =IFERROR(AVERAGEIFS('Mock Database'!$AE$3:$AE$152,'Mock Database'!$E$3:$E$152,$A10,'Mock Database'!$J$3:$J$152,"Completed"),"") | D10: =IFERROR(AVERAGEIFS('Mock Database'!$AF$3:$AF$152,'Mock Database'!$E$3:$E$152,$A10,'Mock Database'!$J$3:$J$152,"Completed"),"") | E10: =IFERROR(AVERAGEIFS('Mock Database'!$M$3:$M$152,'Mock Database'!$E$3:$E$152,$A10,'Mock Database'!$J$3:$J$152,"Completed"),"") | F10: =IFERROR(AVERAGEIFS('Mock Database'!$N$3:$N$152,'Mock Database'!$E$3:$E$152,$A10,'Mock Database'!$J$3:$J$152,"Completed"),"") | G10: =IFERROR(AVERAGEIFS('Mock Database'!$S$3:$S$152,'Mock Database'!$E$3:$E$152,$A10,'Mock Database'!$J$3:$J$152,"Completed"),"") | H10: =IFERROR(AVERAGEIFS('Mock Database'!$T$3:$T$152,'Mock Database'!$E$3:$E$152,$A10,'Mock Database'!$J$3:$J$152,"Completed"),"") | I10: =IFERROR(AVERAGEIFS('Mock Database'!$Y$3:$Y$152,'Mock Database'!$E$3:$E$152,$A10,'Mock Database'!$J$3:$J$152,"Completed"),"") | J10: =IFERROR(AVERAGEIFS('Mock Database'!$Z$3:$Z$152,'Mock Database'!$E$3:$E$152,$A10,'Mock Database'!$J$3:$J$152,"Completed"),"")
A11: =Lists!A7 -> Rodha | B11: =COUNTIFS('Mock Database'!$E$3:$E$152,$A11,'Mock Database'!$J$3:$J$152,"Completed") -> 0 | C11: =IFERROR(AVERAGEIFS('Mock Database'!$AE$3:$AE$152,'Mock Database'!$E$3:$E$152,$A11,'Mock Database'!$J$3:$J$152,"Completed"),"") | D11: =IFERROR(AVERAGEIFS('Mock Database'!$AF$3:$AF$152,'Mock Database'!$E$3:$E$152,$A11,'Mock Database'!$J$3:$J$152,"Completed"),"") | E11: =IFERROR(AVERAGEIFS('Mock Database'!$M$3:$M$152,'Mock Database'!$E$3:$E$152,$A11,'Mock Database'!$J$3:$J$152,"Completed"),"") | F11: =IFERROR(AVERAGEIFS('Mock Database'!$N$3:$N$152,'Mock Database'!$E$3:$E$152,$A11,'Mock Database'!$J$3:$J$152,"Completed"),"") | G11: =IFERROR(AVERAGEIFS('Mock Database'!$S$3:$S$152,'Mock Database'!$E$3:$E$152,$A11,'Mock Database'!$J$3:$J$152,"Completed"),"") | H11: =IFERROR(AVERAGEIFS('Mock Database'!$T$3:$T$152,'Mock Database'!$E$3:$E$152,$A11,'Mock Database'!$J$3:$J$152,"Completed"),"") | I11: =IFERROR(AVERAGEIFS('Mock Database'!$Y$3:$Y$152,'Mock Database'!$E$3:$E$152,$A11,'Mock Database'!$J$3:$J$152,"Completed"),"") | J11: =IFERROR(AVERAGEIFS('Mock Database'!$Z$3:$Z$152,'Mock Database'!$E$3:$E$152,$A11,'Mock Database'!$J$3:$J$152,"Completed"),"")
A12: =Lists!A8 -> Others | B12: =COUNTIFS('Mock Database'!$E$3:$E$152,$A12,'Mock Database'!$J$3:$J$152,"Completed") -> 0 | C12: =IFERROR(AVERAGEIFS('Mock Database'!$AE$3:$AE$152,'Mock Database'!$E$3:$E$152,$A12,'Mock Database'!$J$3:$J$152,"Completed"),"") | D12: =IFERROR(AVERAGEIFS('Mock Database'!$AF$3:$AF$152,'Mock Database'!$E$3:$E$152,$A12,'Mock Database'!$J$3:$J$152,"Completed"),"") | E12: =IFERROR(AVERAGEIFS('Mock Database'!$M$3:$M$152,'Mock Database'!$E$3:$E$152,$A12,'Mock Database'!$J$3:$J$152,"Completed"),"") | F12: =IFERROR(AVERAGEIFS('Mock Database'!$N$3:$N$152,'Mock Database'!$E$3:$E$152,$A12,'Mock Database'!$J$3:$J$152,"Completed"),"") | G12: =IFERROR(AVERAGEIFS('Mock Database'!$S$3:$S$152,'Mock Database'!$E$3:$E$152,$A12,'Mock Database'!$J$3:$J$152,"Completed"),"") | H12: =IFERROR(AVERAGEIFS('Mock Database'!$T$3:$T$152,'Mock Database'!$E$3:$E$152,$A12,'Mock Database'!$J$3:$J$152,"Completed"),"") | I12: =IFERROR(AVERAGEIFS('Mock Database'!$Y$3:$Y$152,'Mock Database'!$E$3:$E$152,$A12,'Mock Database'!$J$3:$J$152,"Completed"),"") | J12: =IFERROR(AVERAGEIFS('Mock Database'!$Z$3:$Z$152,'Mock Database'!$E$3:$E$152,$A12,'Mock Database'!$J$3:$J$152,"Completed"),"")
A14: ◆ By Series
A15: Name | B15: Cnt | C15: Ovr Avg Sc | D15: Ovr Avg % | E15: VARC Avg Sc | F15: VARC Avg % | G15: DILR Avg Sc | H15: DILR Avg % | I15: QA Avg Sc | J15: QA Avg %
A16: =Lists!B2 -> SimCAT | B16: =COUNTIFS('Mock Database'!$F$3:$F$152,$A16,'Mock Database'!$J$3:$J$152,"Completed") -> 5 | C16: =IFERROR(AVERAGEIFS('Mock Database'!$AE$3:$AE$152,'Mock Database'!$F$3:$F$152,$A16,'Mock Database'!$J$3:$J$152,"Completed"),"") -> 86.6 | D16: =IFERROR(AVERAGEIFS('Mock Database'!$AF$3:$AF$152,'Mock Database'!$F$3:$F$152,$A16,'Mock Database'!$J$3:$J$152,"Completed"),"") -> 94.336 | E16: =IFERROR(AVERAGEIFS('Mock Database'!$M$3:$M$152,'Mock Database'!$F$3:$F$152,$A16,'Mock Database'!$J$3:$J$152,"Completed"),"") -> 40.8 | F16: =IFERROR(AVERAGEIFS('Mock Database'!$N$3:$N$152,'Mock Database'!$F$3:$F$152,$A16,'Mock Database'!$J$3:$J$152,"Completed"),"") -> 95.348 | G16: =IFERROR(AVERAGEIFS('Mock Database'!$S$3:$S$152,'Mock Database'!$F$3:$F$152,$A16,'Mock Database'!$J$3:$J$152,"Completed"),"") -> 25 | H16: =IFERROR(AVERAGEIFS('Mock Database'!$T$3:$T$152,'Mock Database'!$F$3:$F$152,$A16,'Mock Database'!$J$3:$J$152,"Completed"),"") -> 88.828 | I16: =IFERROR(AVERAGEIFS('Mock Database'!$Y$3:$Y$152,'Mock Database'!$F$3:$F$152,$A16,'Mock Database'!$J$3:$J$152,"Completed"),"") -> 20.8 | J16: =IFERROR(AVERAGEIFS('Mock Database'!$Z$3:$Z$152,'Mock Database'!$F$3:$F$152,$A16,'Mock Database'!$J$3:$J$152,"Completed"),"") -> 73.824
A17: =Lists!B3 -> Take Home | B17: =COUNTIFS('Mock Database'!$F$3:$F$152,$A17,'Mock Database'!$J$3:$J$152,"Completed") -> 4 | C17: =IFERROR(AVERAGEIFS('Mock Database'!$AE$3:$AE$152,'Mock Database'!$F$3:$F$152,$A17,'Mock Database'!$J$3:$J$152,"Completed"),"") -> 69 | D17: =IFERROR(AVERAGEIFS('Mock Database'!$AF$3:$AF$152,'Mock Database'!$F$3:$F$152,$A17,'Mock Database'!$J$3:$J$152,"Completed"),"") -> 89.115 | E17: =IFERROR(AVERAGEIFS('Mock Database'!$M$3:$M$152,'Mock Database'!$F$3:$F$152,$A17,'Mock Database'!$J$3:$J$152,"Completed"),"") -> 37.25 | F17: =IFERROR(AVERAGEIFS('Mock Database'!$N$3:$N$152,'Mock Database'!$F$3:$F$152,$A17,'Mock Database'!$J$3:$J$152,"Completed"),"") -> 88.885 | G17: =IFERROR(AVERAGEIFS('Mock Database'!$S$3:$S$152,'Mock Database'!$F$3:$F$152,$A17,'Mock Database'!$J$3:$J$152,"Completed"),"") -> 13.75 | H17: =IFERROR(AVERAGEIFS('Mock Database'!$T$3:$T$152,'Mock Database'!$F$3:$F$152,$A17,'Mock Database'!$J$3:$J$152,"Completed"),"") -> 64.0475 | I17: =IFERROR(AVERAGEIFS('Mock Database'!$Y$3:$Y$152,'Mock Database'!$F$3:$F$152,$A17,'Mock Database'!$J$3:$J$152,"Completed"),"") -> 18 | J17: =IFERROR(AVERAGEIFS('Mock Database'!$Z$3:$Z$152,'Mock Database'!$F$3:$F$152,$A17,'Mock Database'!$J$3:$J$152,"Completed"),"") -> 68.18
A18: =Lists!B4 -> Previous CAT | B18: =COUNTIFS('Mock Database'!$F$3:$F$152,$A18,'Mock Database'!$J$3:$J$152,"Completed") -> 1 | C18: =IFERROR(AVERAGEIFS('Mock Database'!$AE$3:$AE$152,'Mock Database'!$F$3:$F$152,$A18,'Mock Database'!$J$3:$J$152,"Completed"),"") -> 82 | D18: =IFERROR(AVERAGEIFS('Mock Database'!$AF$3:$AF$152,'Mock Database'!$F$3:$F$152,$A18,'Mock Database'!$J$3:$J$152,"Completed"),"") | E18: =IFERROR(AVERAGEIFS('Mock Database'!$M$3:$M$152,'Mock Database'!$F$3:$F$152,$A18,'Mock Database'!$J$3:$J$152,"Completed"),"") -> 31 | F18: =IFERROR(AVERAGEIFS('Mock Database'!$N$3:$N$152,'Mock Database'!$F$3:$F$152,$A18,'Mock Database'!$J$3:$J$152,"Completed"),"") | G18: =IFERROR(AVERAGEIFS('Mock Database'!$S$3:$S$152,'Mock Database'!$F$3:$F$152,$A18,'Mock Database'!$J$3:$J$152,"Completed"),"") -> 27 | H18: =IFERROR(AVERAGEIFS('Mock Database'!$T$3:$T$152,'Mock Database'!$F$3:$F$152,$A18,'Mock Database'!$J$3:$J$152,"Completed"),"") | I18: =IFERROR(AVERAGEIFS('Mock Database'!$Y$3:$Y$152,'Mock Database'!$F$3:$F$152,$A18,'Mock Database'!$J$3:$J$152,"Completed"),"") -> 24 | J18: =IFERROR(AVERAGEIFS('Mock Database'!$Z$3:$Z$152,'Mock Database'!$F$3:$F$152,$A18,'Mock Database'!$J$3:$J$152,"Completed"),"")
A19: =Lists!B5 -> DashCAT | B19: =COUNTIFS('Mock Database'!$F$3:$F$152,$A19,'Mock Database'!$J$3:$J$152,"Completed") -> 0 | C19: =IFERROR(AVERAGEIFS('Mock Database'!$AE$3:$AE$152,'Mock Database'!$F$3:$F$152,$A19,'Mock Database'!$J$3:$J$152,"Completed"),"") | D19: =IFERROR(AVERAGEIFS('Mock Database'!$AF$3:$AF$152,'Mock Database'!$F$3:$F$152,$A19,'Mock Database'!$J$3:$J$152,"Completed"),"") | E19: =IFERROR(AVERAGEIFS('Mock Database'!$M$3:$M$152,'Mock Database'!$F$3:$F$152,$A19,'Mock Database'!$J$3:$J$152,"Completed"),"") | F19: =IFERROR(AVERAGEIFS('Mock Database'!$N$3:$N$152,'Mock Database'!$F$3:$F$152,$A19,'Mock Database'!$J$3:$J$152,"Completed"),"") | G19: =IFERROR(AVERAGEIFS('Mock Database'!$S$3:$S$152,'Mock Database'!$F$3:$F$152,$A19,'Mock Database'!$J$3:$J$152,"Completed"),"") | H19: =IFERROR(AVERAGEIFS('Mock Database'!$T$3:$T$152,'Mock Database'!$F$3:$F$152,$A19,'Mock Database'!$J$3:$J$152,"Completed"),"") | I19: =IFERROR(AVERAGEIFS('Mock Database'!$Y$3:$Y$152,'Mock Database'!$F$3:$F$152,$A19,'Mock Database'!$J$3:$J$152,"Completed"),"") | J19: =IFERROR(AVERAGEIFS('Mock Database'!$Z$3:$Z$152,'Mock Database'!$F$3:$F$152,$A19,'Mock Database'!$J$3:$J$152,"Completed"),"")
A20: =Lists!B6 -> Headstart CAT | B20: =COUNTIFS('Mock Database'!$F$3:$F$152,$A20,'Mock Database'!$J$3:$J$152,"Completed") -> 0 | C20: =IFERROR(AVERAGEIFS('Mock Database'!$AE$3:$AE$152,'Mock Database'!$F$3:$F$152,$A20,'Mock Database'!$J$3:$J$152,"Completed"),"") | D20: =IFERROR(AVERAGEIFS('Mock Database'!$AF$3:$AF$152,'Mock Database'!$F$3:$F$152,$A20,'Mock Database'!$J$3:$J$152,"Completed"),"") | E20: =IFERROR(AVERAGEIFS('Mock Database'!$M$3:$M$152,'Mock Database'!$F$3:$F$152,$A20,'Mock Database'!$J$3:$J$152,"Completed"),"") | F20: =IFERROR(AVERAGEIFS('Mock Database'!$N$3:$N$152,'Mock Database'!$F$3:$F$152,$A20,'Mock Database'!$J$3:$J$152,"Completed"),"") | G20: =IFERROR(AVERAGEIFS('Mock Database'!$S$3:$S$152,'Mock Database'!$F$3:$F$152,$A20,'Mock Database'!$J$3:$J$152,"Completed"),"") | H20: =IFERROR(AVERAGEIFS('Mock Database'!$T$3:$T$152,'Mock Database'!$F$3:$F$152,$A20,'Mock Database'!$J$3:$J$152,"Completed"),"") | I20: =IFERROR(AVERAGEIFS('Mock Database'!$Y$3:$Y$152,'Mock Database'!$F$3:$F$152,$A20,'Mock Database'!$J$3:$J$152,"Completed"),"") | J20: =IFERROR(AVERAGEIFS('Mock Database'!$Z$3:$Z$152,'Mock Database'!$F$3:$F$152,$A20,'Mock Database'!$J$3:$J$152,"Completed"),"")
A21: =Lists!B7 -> Others | B21: =COUNTIFS('Mock Database'!$J$3:$J$152,"Completed",'Mock Database'!$F$3:$F$152,"<>",'Mock Database'!$F$3:$F$152,"<>"&$A$16,'Mock Database'!$F$3:$F$152,"<>"&$A$17,'Mock Database'!$F$3:$F$152,"<>"&$A$18,'Mock Database'!$F$3:$F$152,"<>"&$A$19,'Mock Database'!$F$3:$F$152,"<>"&$A$20) -> 0 | C21: =IFERROR(AVERAGEIFS('Mock Database'!$AE$3:$AE$152,'Mock Database'!$J$3:$J$152,"Completed",'Mock Database'!$F$3:$F$152,"<>",'Mock Database'!$F$3:$F$152,"<>"&$A$16,'Mock Database'!$F$3:$F$152,"<>"&$A$17,'Mock Database'!$F$3:$F$152,"<>"&$A$18,'Mock Database'!$F$3:$F$152,"<>"&$A$19,'Mock Database'!$F$3:$F$152,"<>"&$A$20),"") | D21: =IFERROR(AVERAGEIFS('Mock Database'!$AF$3:$AF$152,'Mock Database'!$J$3:$J$152,"Completed",'Mock Database'!$F$3:$F$152,"<>",'Mock Database'!$F$3:$F$152,"<>"&$A$16,'Mock Database'!$F$3:$F$152,"<>"&$A$17,'Mock Database'!$F$3:$F$152,"<>"&$A$18,'Mock Database'!$F$3:$F$152,"<>"&$A$19,'Mock Database'!$F$3:$F$152,"<>"&$A$20),"") | E21: =IFERROR(AVERAGEIFS('Mock Database'!$M$3:$M$152,'Mock Database'!$J$3:$J$152,"Completed",'Mock Database'!$F$3:$F$152,"<>",'Mock Database'!$F$3:$F$152,"<>"&$A$16,'Mock Database'!$F$3:$F$152,"<>"&$A$17,'Mock Database'!$F$3:$F$152,"<>"&$A$18,'Mock Database'!$F$3:$F$152,"<>"&$A$19,'Mock Database'!$F$3:$F$152,"<>"&$A$20),"") | F21: =IFERROR(AVERAGEIFS('Mock Database'!$N$3:$N$152,'Mock Database'!$J$3:$J$152,"Completed",'Mock Database'!$F$3:$F$152,"<>",'Mock Database'!$F$3:$F$152,"<>"&$A$16,'Mock Database'!$F$3:$F$152,"<>"&$A$17,'Mock Database'!$F$3:$F$152,"<>"&$A$18,'Mock Database'!$F$3:$F$152,"<>"&$A$19,'Mock Database'!$F$3:$F$152,"<>"&$A$20),"") | G21: =IFERROR(AVERAGEIFS('Mock Database'!$S$3:$S$152,'Mock Database'!$J$3:$J$152,"Completed",'Mock Database'!$F$3:$F$152,"<>",'Mock Database'!$F$3:$F$152,"<>"&$A$16,'Mock Database'!$F$3:$F$152,"<>"&$A$17,'Mock Database'!$F$3:$F$152,"<>"&$A$18,'Mock Database'!$F$3:$F$152,"<>"&$A$19,'Mock Database'!$F$3:$F$152,"<>"&$A$20),"") | H21: =IFERROR(AVERAGEIFS('Mock Database'!$T$3:$T$152,'Mock Database'!$J$3:$J$152,"Completed",'Mock Database'!$F$3:$F$152,"<>",'Mock Database'!$F$3:$F$152,"<>"&$A$16,'Mock Database'!$F$3:$F$152,"<>"&$A$17,'Mock Database'!$F$3:$F$152,"<>"&$A$18,'Mock Database'!$F$3:$F$152,"<>"&$A$19,'Mock Database'!$F$3:$F$152,"<>"&$A$20),"") | I21: =IFERROR(AVERAGEIFS('Mock Database'!$Y$3:$Y$152,'Mock Database'!$J$3:$J$152,"Completed",'Mock Database'!$F$3:$F$152,"<>",'Mock Database'!$F$3:$F$152,"<>"&$A$16,'Mock Database'!$F$3:$F$152,"<>"&$A$17,'Mock Database'!$F$3:$F$152,"<>"&$A$18,'Mock Database'!$F$3:$F$152,"<>"&$A$19,'Mock Database'!$F$3:$F$152,"<>"&$A$20),"") | J21: =IFERROR(AVERAGEIFS('Mock Database'!$Z$3:$Z$152,'Mock Database'!$J$3:$J$152,"Completed",'Mock Database'!$F$3:$F$152,"<>",'Mock Database'!$F$3:$F$152,"<>"&$A$16,'Mock Database'!$F$3:$F$152,"<>"&$A$17,'Mock Database'!$F$3:$F$152,"<>"&$A$18,'Mock Database'!$F$3:$F$152,"<>"&$A$19,'Mock Database'!$F$3:$F$152,"<>"&$A$20),"")
A23: ◆ By Mock Type
A24: Name | B24: Cnt | C24: Ovr Avg Sc | D24: Ovr Avg % | E24: VARC Avg Sc | F24: VARC Avg % | G24: DILR Avg Sc | H24: DILR Avg % | I24: QA Avg Sc | J24: QA Avg %
A25: =Lists!C2 -> Proctored | B25: =COUNTIFS('Mock Database'!$G$3:$G$152,$A25,'Mock Database'!$J$3:$J$152,"Completed") -> 5 | C25: =IFERROR(AVERAGEIFS('Mock Database'!$AE$3:$AE$152,'Mock Database'!$G$3:$G$152,$A25,'Mock Database'!$J$3:$J$152,"Completed"),"") -> 86.6 | D25: =IFERROR(AVERAGEIFS('Mock Database'!$AF$3:$AF$152,'Mock Database'!$G$3:$G$152,$A25,'Mock Database'!$J$3:$J$152,"Completed"),"") -> 94.336 | E25: =IFERROR(AVERAGEIFS('Mock Database'!$M$3:$M$152,'Mock Database'!$G$3:$G$152,$A25,'Mock Database'!$J$3:$J$152,"Completed"),"") -> 40.8 | F25: =IFERROR(AVERAGEIFS('Mock Database'!$N$3:$N$152,'Mock Database'!$G$3:$G$152,$A25,'Mock Database'!$J$3:$J$152,"Completed"),"") -> 95.348 | G25: =IFERROR(AVERAGEIFS('Mock Database'!$S$3:$S$152,'Mock Database'!$G$3:$G$152,$A25,'Mock Database'!$J$3:$J$152,"Completed"),"") -> 25 | H25: =IFERROR(AVERAGEIFS('Mock Database'!$T$3:$T$152,'Mock Database'!$G$3:$G$152,$A25,'Mock Database'!$J$3:$J$152,"Completed"),"") -> 88.828 | I25: =IFERROR(AVERAGEIFS('Mock Database'!$Y$3:$Y$152,'Mock Database'!$G$3:$G$152,$A25,'Mock Database'!$J$3:$J$152,"Completed"),"") -> 20.8 | J25: =IFERROR(AVERAGEIFS('Mock Database'!$Z$3:$Z$152,'Mock Database'!$G$3:$G$152,$A25,'Mock Database'!$J$3:$J$152,"Completed"),"") -> 73.824
A26: =Lists!C3 -> Take Home | B26: =COUNTIFS('Mock Database'!$G$3:$G$152,$A26,'Mock Database'!$J$3:$J$152,"Completed") -> 4 | C26: =IFERROR(AVERAGEIFS('Mock Database'!$AE$3:$AE$152,'Mock Database'!$G$3:$G$152,$A26,'Mock Database'!$J$3:$J$152,"Completed"),"") -> 69 | D26: =IFERROR(AVERAGEIFS('Mock Database'!$AF$3:$AF$152,'Mock Database'!$G$3:$G$152,$A26,'Mock Database'!$J$3:$J$152,"Completed"),"") -> 89.115 | E26: =IFERROR(AVERAGEIFS('Mock Database'!$M$3:$M$152,'Mock Database'!$G$3:$G$152,$A26,'Mock Database'!$J$3:$J$152,"Completed"),"") -> 37.25 | F26: =IFERROR(AVERAGEIFS('Mock Database'!$N$3:$N$152,'Mock Database'!$G$3:$G$152,$A26,'Mock Database'!$J$3:$J$152,"Completed"),"") -> 88.885 | G26: =IFERROR(AVERAGEIFS('Mock Database'!$S$3:$S$152,'Mock Database'!$G$3:$G$152,$A26,'Mock Database'!$J$3:$J$152,"Completed"),"") -> 13.75 | H26: =IFERROR(AVERAGEIFS('Mock Database'!$T$3:$T$152,'Mock Database'!$G$3:$G$152,$A26,'Mock Database'!$J$3:$J$152,"Completed"),"") -> 64.0475 | I26: =IFERROR(AVERAGEIFS('Mock Database'!$Y$3:$Y$152,'Mock Database'!$G$3:$G$152,$A26,'Mock Database'!$J$3:$J$152,"Completed"),"") -> 18 | J26: =IFERROR(AVERAGEIFS('Mock Database'!$Z$3:$Z$152,'Mock Database'!$G$3:$G$152,$A26,'Mock Database'!$J$3:$J$152,"Completed"),"") -> 68.18
A27: =Lists!C4 -> Past CAT Paper | B27: =COUNTIFS('Mock Database'!$G$3:$G$152,$A27,'Mock Database'!$J$3:$J$152,"Completed") -> 1 | C27: =IFERROR(AVERAGEIFS('Mock Database'!$AE$3:$AE$152,'Mock Database'!$G$3:$G$152,$A27,'Mock Database'!$J$3:$J$152,"Completed"),"") -> 82 | D27: =IFERROR(AVERAGEIFS('Mock Database'!$AF$3:$AF$152,'Mock Database'!$G$3:$G$152,$A27,'Mock Database'!$J$3:$J$152,"Completed"),"") | E27: =IFERROR(AVERAGEIFS('Mock Database'!$M$3:$M$152,'Mock Database'!$G$3:$G$152,$A27,'Mock Database'!$J$3:$J$152,"Completed"),"") -> 31 | F27: =IFERROR(AVERAGEIFS('Mock Database'!$N$3:$N$152,'Mock Database'!$G$3:$G$152,$A27,'Mock Database'!$J$3:$J$152,"Completed"),"") | G27: =IFERROR(AVERAGEIFS('Mock Database'!$S$3:$S$152,'Mock Database'!$G$3:$G$152,$A27,'Mock Database'!$J$3:$J$152,"Completed"),"") -> 27 | H27: =IFERROR(AVERAGEIFS('Mock Database'!$T$3:$T$152,'Mock Database'!$G$3:$G$152,$A27,'Mock Database'!$J$3:$J$152,"Completed"),"") | I27: =IFERROR(AVERAGEIFS('Mock Database'!$Y$3:$Y$152,'Mock Database'!$G$3:$G$152,$A27,'Mock Database'!$J$3:$J$152,"Completed"),"") -> 24 | J27: =IFERROR(AVERAGEIFS('Mock Database'!$Z$3:$Z$152,'Mock Database'!$G$3:$G$152,$A27,'Mock Database'!$J$3:$J$152,"Completed"),"")
A30: ★ Made by Devansh Gohil · CAT 2026 Analytics · Formula-driven · Excel & Google Sheets compatible

Sheet Chart_Data
A1: Idx | B1: Mock | C1: Date | D1: VARC Sc | E1: VARC % | F1: DILR Sc | G1: DILR % | H1: QA Sc | I1: QA % | J1: Ovr Sc | K1: Ovr % | N1: cCat | O1: cVARCsc | P1: cVARCpc | Q1: cDILRsc | R1: cDILRpc | S1: cQAsc | T1: cQApc | U1: cOvrsc | V1: cOvrpc | X1: OvrPct Axis Floor | Z1: c_Cats | AA1: c_VARCsc | AB1: c_VARCpc | AC1: c_DILRsc | AD1: c_DILRpc | AE1: c_QAsc | AF1: c_QApc | AG1: c_Ovrsc | AH1: c_Ovrpc | AJ1: Section | AK1: Avg %ile | AL1: Best %ile | AM1: xIdx (NA-guarded) | AN1: Ovr Sc (xy)
A2: 1 | B2: =IFERROR(INDEX('Mock Database'!$D$3:$D$152,MATCH($A2,'Mock Database'!$C$3:$C$152,0)),"") -> SimCAT 1 | C2: =IFERROR(INDEX('Mock Database'!$I$3:$I$152,MATCH($A2,'Mock Database'!$C$3:$C$152,0)),"") -> 46137 | D2: =IF(ISNA(MATCH($A2,'Mock Database'!$C$3:$C$152,0)),"",IF(ISBLANK(OFFSET('Mock Database'!$M$2,MATCH($A2,'Mock Database'!$C$3:$C$152,0),0)),"",INDEX('Mock Database'!$M$3:$M$152,MATCH($A2,'Mock Database'!$C$3:$C$152,0)))) -> 31 | E2: =IF(ISNA(MATCH($A2,'Mock Database'!$C$3:$C$152,0)),"",IF(ISBLANK(OFFSET('Mock Database'!$N$2,MATCH($A2,'Mock Database'!$C$3:$C$152,0),0)),"",INDEX('Mock Database'!$N$3:$N$152,MATCH($A2,'Mock Database'!$C$3:$C$152,0)))) -> 88.02 | F2: =IF(ISNA(MATCH($A2,'Mock Database'!$C$3:$C$152,0)),"",IF(ISBLANK(OFFSET('Mock Database'!$S$2,MATCH($A2,'Mock Database'!$C$3:$C$152,0),0)),"",INDEX('Mock Database'!$S$3:$S$152,MATCH($A2,'Mock Database'!$C$3:$C$152,0)))) -> 24 | G2: =IF(ISNA(MATCH($A2,'Mock Database'!$C$3:$C$152,0)),"",IF(ISBLANK(OFFSET('Mock Database'!$T$2,MATCH($A2,'Mock Database'!$C$3:$C$152,0),0)),"",INDEX('Mock Database'!$T$3:$T$152,MATCH($A2,'Mock Database'!$C$3:$C$152,0)))) -> 90.04 | H2: =IF(ISNA(MATCH($A2,'Mock Database'!$C$3:$C$152,0)),"",IF(ISBLANK(OFFSET('Mock Database'!$Y$2,MATCH($A2,'Mock Database'!$C$3:$C$152,0),0)),"",INDEX('Mock Database'!$Y$3:$Y$152,MATCH($A2,'Mock Database'!$C$3:$C$152,0)))) -> 21 | I2: =IF(ISNA(MATCH($A2,'Mock Database'!$C$3:$C$152,0)),"",IF(ISBLANK(OFFSET('Mock Database'!$Z$2,MATCH($A2,'Mock Database'!$C$3:$C$152,0),0)),"",INDEX('Mock Database'!$Z$3:$Z$152,MATCH($A2,'Mock Database'!$C$3:$C$152,0)))) -> 69.81 | J2: =IF(ISNA(MATCH($A2,'Mock Database'!$C$3:$C$152,0)),"",IF(ISBLANK(OFFSET('Mock Database'!$AE$2,MATCH($A2,'Mock Database'!$C$3:$C$152,0),0)),"",INDEX('Mock Database'!$AE$3:$AE$152,MATCH($A2,'Mock Database'!$C$3:$C$152,0)))) -> 76 | K2: =IF(ISNA(MATCH($A2,'Mock Database'!$C$3:$C$152,0)),"",IF(ISBLANK(OFFSET('Mock Database'!$AF$2,MATCH($A2,'Mock Database'!$C$3:$C$152,0),0)),"",INDEX('Mock Database'!$AF$3:$AF$152,MATCH($A2,'Mock Database'!$C$3:$C$152,0)))) -> 88.92 | N2: =IF($B2="",NA(),$B2) -> SimCAT 1 | O2: =IF($D2="",NA(),$D2) -> 31 | P2: =IF($E2="",NA(),$E2) -> 88.02 | Q2: =IF($F2="",NA(),$F2) -> 24 | R2: =IF($G2="",NA(),$G2) -> 90.04 | S2: =IF($H2="",NA(),$H2) -> 21 | T2: =IF($I2="",NA(),$I2) -> 69.81 | U2: =IF($J2="",NA(),$J2) -> 76 | V2: =IF($K2="",NA(),$K2) -> 88.92 | X2: =IFERROR(MAX(0,FLOOR(MIN(K2:K401)-1,5)),0) -> 75 | Z2: {=_xlfn._xlws.FILTER(B2:B401,$B$2:$B$401<>"","")} -> SimCAT 1 | AA2: {=_xlfn._xlws.FILTER(O2:O401,$B$2:$B$401<>"","")} -> 31 | AB2: {=_xlfn._xlws.FILTER(P2:P401,$B$2:$B$401<>"","")} -> 88.02 | AC2: {=_xlfn._xlws.FILTER(Q2:Q401,$B$2:$B$401<>"","")} -> 24 | AD2: {=_xlfn._xlws.FILTER(R2:R401,$B$2:$B$401<>"","")} -> 90.04 | AE2: {=_xlfn._xlws.FILTER(S2:S401,$B$2:$B$401<>"","")} -> 21 | AF2: {=_xlfn._xlws.FILTER(T2:T401,$B$2:$B$401<>"","")} -> 69.81 | AG2: {=_xlfn._xlws.FILTER(U2:U401,$B$2:$B$401<>"","")} -> 76 | AH2: {=_xlfn._xlws.FILTER(V2:V401,$B$2:$B$401<>"","")} -> 88.92 | AJ2: VARC | AK2: =IFERROR(Calculations!E3,"") -> 92.475556 | AL2: =IFERROR(Calculations!E5,"") -> 99.91 | AM2: =IF($B2="",NA(),$A2) -> 1 | AN2: =$U2 -> 76
A3: 2 | B3: =IFERROR(INDEX('Mock Database'!$D$3:$D$152,MATCH($A3,'Mock Database'!$C$3:$C$152,0)),"") -> SimCAT 2 | C3: =IFERROR(INDEX('Mock Database'!$I$3:$I$152,MATCH($A3,'Mock Database'!$C$3:$C$152,0)),"") -> 46172 | D3: =IF(ISNA(MATCH($A3,'Mock Database'!$C$3:$C$152,0)),"",IF(ISBLANK(OFFSET('Mock Database'!$M$2,MATCH($A3,'Mock Database'!$C$3:$C$152,0),0)),"",INDEX('Mock Database'!$M$3:$M$152,MATCH($A3,'Mock Database'!$C$3:$C$152,0)))) -> 35 | E3: =IF(ISNA(MATCH($A3,'Mock Database'!$C$3:$C$152,0)),"",IF(ISBLANK(OFFSET('Mock Database'!$N$2,MATCH($A3,'Mock Database'!$C$3:$C$152,0),0)),"",INDEX('Mock Database'!$N$3:$N$152,MATCH($A3,'Mock Database'!$C$3:$C$152,0)))) -> 92.72 | F3: =IF(ISNA(MATCH($A3,'Mock Database'!$C$3:$C$152,0)),"",IF(ISBLANK(OFFSET('Mock Database'!$S$2,MATCH($A3,'Mock Database'!$C$3:$C$152,0),0)),"",INDEX('Mock Database'!$S$3:$S$152,MATCH($A3,'Mock Database'!$C$3:$C$152,0)))) -> 36 | G3: =IF(ISNA(MATCH($A3,'Mock Database'!$C$3:$C$152,0)),"",IF(ISBLANK(OFFSET('Mock Database'!$T$2,MATCH($A3,'Mock Database'!$C$3:$C$152,0),0)),"",INDEX('Mock Database'!$T$3:$T$152,MATCH($A3,'Mock Database'!$C$3:$C$152,0)))) -> 94.69 | H3: =IF(ISNA(MATCH($A3,'Mock Database'!$C$3:$C$152,0)),"",IF(ISBLANK(OFFSET('Mock Database'!$Y$2,MATCH($A3,'Mock Database'!$C$3:$C$152,0),0)),"",INDEX('Mock Database'!$Y$3:$Y$152,MATCH($A3,'Mock Database'!$C$3:$C$152,0)))) -> 24 | I3: =IF(ISNA(MATCH($A3,'Mock Database'!$C$3:$C$152,0)),"",IF(ISBLANK(OFFSET('Mock Database'!$Z$2,MATCH($A3,'Mock Database'!$C$3:$C$152,0),0)),"",INDEX('Mock Database'!$Z$3:$Z$152,MATCH($A3,'Mock Database'!$C$3:$C$152,0)))) -> 85.41 | J3: =IF(ISNA(MATCH($A3,'Mock Database'!$C$3:$C$152,0)),"",IF(ISBLANK(OFFSET('Mock Database'!$AE$2,MATCH($A3,'Mock Database'!$C$3:$C$152,0),0)),"",INDEX('Mock Database'!$AE$3:$AE$152,MATCH($A3,'Mock Database'!$C$3:$C$152,0)))) -> 95 | K3: =IF(ISNA(MATCH($A3,'Mock Database'!$C$3:$C$152,0)),"",IF(ISBLANK(OFFSET('Mock Database'!$AF$2,MATCH($A3,'Mock Database'!$C$3:$C$152,0),0)),"",INDEX('Mock Database'!$AF$3:$AF$152,MATCH($A3,'Mock Database'!$C$3:$C$152,0)))) -> 94.98 | N3: =IF($B3="",NA(),$B3) -> SimCAT 2 | O3: =IF($D3="",NA(),$D3) -> 35 | P3: =IF($E3="",NA(),$E3) -> 92.72 | Q3: =IF($F3="",NA(),$F3) -> 36 | R3: =IF($G3="",NA(),$G3) -> 94.69 | S3: =IF($H3="",NA(),$H3) -> 24 | T3: =IF($I3="",NA(),$I3) -> 85.41 | U3: =IF($J3="",NA(),$J3) -> 95 | V3: =IF($K3="",NA(),$K3) -> 94.98 | Z3: SimCAT 2 | AA3: 35 | AB3: 92.72 | AC3: 36 | AD3: 94.69 | AE3: 24 | AF3: 85.41 | AG3: 95 | AH3: 94.98 | AJ3: DILR | AK3: =IFERROR(Calculations!G3,"") -> 77.814444 | AL3: =IFERROR(Calculations!G5,"") -> 94.69 | AM3: =IF($B3="",NA(),$A3) -> 2 | AN3: =$U3 -> 95
A4: 3 | B4: =IFERROR(INDEX('Mock Database'!$D$3:$D$152,MATCH($A4,'Mock Database'!$C$3:$C$152,0)),"") -> SimCAT 3 | C4: =IFERROR(INDEX('Mock Database'!$I$3:$I$152,MATCH($A4,'Mock Database'!$C$3:$C$152,0)),"") -> 46173 | D4: =IF(ISNA(MATCH($A4,'Mock Database'!$C$3:$C$152,0)),"",IF(ISBLANK(OFFSET('Mock Database'!$M$2,MATCH($A4,'Mock Database'!$C$3:$C$152,0),0)),"",INDEX('Mock Database'!$M$3:$M$152,MATCH($A4,'Mock Database'!$C$3:$C$152,0)))) -> 49 | E4: =IF(ISNA(MATCH($A4,'Mock Database'!$C$3:$C$152,0)),"",IF(ISBLANK(OFFSET('Mock Database'!$N$2,MATCH($A4,'Mock Database'!$C$3:$C$152,0),0)),"",INDEX('Mock Database'!$N$3:$N$152,MATCH($A4,'Mock Database'!$C$3:$C$152,0)))) -> 99.09 | F4: =IF(ISNA(MATCH($A4,'Mock Database'!$C$3:$C$152,0)),"",IF(ISBLANK(OFFSET('Mock Database'!$S$2,MATCH($A4,'Mock Database'!$C$3:$C$152,0),0)),"",INDEX('Mock Database'!$S$3:$S$152,MATCH($A4,'Mock Database'!$C$3:$C$152,0)))) -> 21 | G4: =IF(ISNA(MATCH($A4,'Mock Database'!$C$3:$C$152,0)),"",IF(ISBLANK(OFFSET('Mock Database'!$T$2,MATCH($A4,'Mock Database'!$C$3:$C$152,0),0)),"",INDEX('Mock Database'!$T$3:$T$152,MATCH($A4,'Mock Database'!$C$3:$C$152,0)))) -> 91.49 | H4: =IF(ISNA(MATCH($A4,'Mock Database'!$C$3:$C$152,0)),"",IF(ISBLANK(OFFSET('Mock Database'!$Y$2,MATCH($A4,'Mock Database'!$C$3:$C$152,0),0)),"",INDEX('Mock Database'!$Y$3:$Y$152,MATCH($A4,'Mock Database'!$C$3:$C$152,0)))) -> 13 | I4: =IF(ISNA(MATCH($A4,'Mock Database'!$C$3:$C$152,0)),"",IF(ISBLANK(OFFSET('Mock Database'!$Z$2,MATCH($A4,'Mock Database'!$C$3:$C$152,0),0)),"",INDEX('Mock Database'!$Z$3:$Z$152,MATCH($A4,'Mock Database'!$C$3:$C$152,0)))) -> 62.2 | J4: =IF(ISNA(MATCH($A4,'Mock Database'!$C$3:$C$152,0)),"",IF(ISBLANK(OFFSET('Mock Database'!$AE$2,MATCH($A4,'Mock Database'!$C$3:$C$152,0),0)),"",INDEX('Mock Database'!$AE$3:$AE$152,MATCH($A4,'Mock Database'!$C$3:$C$152,0)))) -> 83 | K4: =IF(ISNA(MATCH($A4,'Mock Database'!$C$3:$C$152,0)),"",IF(ISBLANK(OFFSET('Mock Database'!$AF$2,MATCH($A4,'Mock Database'!$C$3:$C$152,0),0)),"",INDEX('Mock Database'!$AF$3:$AF$152,MATCH($A4,'Mock Database'!$C$3:$C$152,0)))) -> 95.61 | N4: =IF($B4="",NA(),$B4) -> SimCAT 3 | O4: =IF($D4="",NA(),$D4) -> 49 | P4: =IF($E4="",NA(),$E4) -> 99.09 | Q4: =IF($F4="",NA(),$F4) -> 21 | R4: =IF($G4="",NA(),$G4) -> 91.49 | S4: =IF($H4="",NA(),$H4) -> 13 | T4: =IF($I4="",NA(),$I4) -> 62.2 | U4: =IF($J4="",NA(),$J4) -> 83 | V4: =IF($K4="",NA(),$K4) -> 95.61 | Z4: SimCAT 3 | AA4: 49 | AB4: 99.09 | AC4: 21 | AD4: 91.49 | AE4: 13 | AF4: 62.2 | AG4: 83 | AH4: 95.61 | AJ4: QA | AK4: =IFERROR(Calculations!I3,"") -> 71.315556 | AL4: =IFERROR(Calculations!I5,"") -> 96.81 | AM4: =IF($B4="",NA(),$A4) -> 3 | AN4: =$U4 -> 83
A5: 4 | B5: =IFERROR(INDEX('Mock Database'!$D$3:$D$152,MATCH($A5,'Mock Database'!$C$3:$C$152,0)),"") -> Take Home 1 | C5: =IFERROR(INDEX('Mock Database'!$I$3:$I$152,MATCH($A5,'Mock Database'!$C$3:$C$152,0)),"") -> 46179 | D5: =IF(ISNA(MATCH($A5,'Mock Database'!$C$3:$C$152,0)),"",IF(ISBLANK(OFFSET('Mock Database'!$M$2,MATCH($A5,'Mock Database'!$C$3:$C$152,0),0)),"",INDEX('Mock Database'!$M$3:$M$152,MATCH($A5,'Mock Database'!$C$3:$C$152,0)))) -> 34 | E5: =IF(ISNA(MATCH($A5,'Mock Database'!$C$3:$C$152,0)),"",IF(ISBLANK(OFFSET('Mock Database'!$N$2,MATCH($A5,'Mock Database'!$C$3:$C$152,0),0)),"",INDEX('Mock Database'!$N$3:$N$152,MATCH($A5,'Mock Database'!$C$3:$C$152,0)))) -> 90.5 | F5: =IF(ISNA(MATCH($A5,'Mock Database'!$C$3:$C$152,0)),"",IF(ISBLANK(OFFSET('Mock Database'!$S$2,MATCH($A5,'Mock Database'!$C$3:$C$152,0),0)),"",INDEX('Mock Database'!$S$3:$S$152,MATCH($A5,'Mock Database'!$C$3:$C$152,0)))) -> 13 | G5: =IF(ISNA(MATCH($A5,'Mock Database'!$C$3:$C$152,0)),"",IF(ISBLANK(OFFSET('Mock Database'!$T$2,MATCH($A5,'Mock Database'!$C$3:$C$152,0),0)),"",INDEX('Mock Database'!$T$3:$T$152,MATCH($A5,'Mock Database'!$C$3:$C$152,0)))) -> 62.87 | H5: =IF(ISNA(MATCH($A5,'Mock Database'!$C$3:$C$152,0)),"",IF(ISBLANK(OFFSET('Mock Database'!$Y$2,MATCH($A5,'Mock Database'!$C$3:$C$152,0),0)),"",INDEX('Mock Database'!$Y$3:$Y$152,MATCH($A5,'Mock Database'!$C$3:$C$152,0)))) -> 23 | I5: =IF(ISNA(MATCH($A5,'Mock Database'!$C$3:$C$152,0)),"",IF(ISBLANK(OFFSET('Mock Database'!$Z$2,MATCH($A5,'Mock Database'!$C$3:$C$152,0),0)),"",INDEX('Mock Database'!$Z$3:$Z$152,MATCH($A5,'Mock Database'!$C$3:$C$152,0)))) -> 74.39 | J5: =IF(ISNA(MATCH($A5,'Mock Database'!$C$3:$C$152,0)),"",IF(ISBLANK(OFFSET('Mock Database'!$AE$2,MATCH($A5,'Mock Database'!$C$3:$C$152,0),0)),"",INDEX('Mock Database'!$AE$3:$AE$152,MATCH($A5,'Mock Database'!$C$3:$C$152,0)))) -> 70 | K5: =IF(ISNA(MATCH($A5,'Mock Database'!$C$3:$C$152,0)),"",IF(ISBLANK(OFFSET('Mock Database'!$AF$2,MATCH($A5,'Mock Database'!$C$3:$C$152,0),0)),"",INDEX('Mock Database'!$AF$3:$AF$152,MATCH($A5,'Mock Database'!$C$3:$C$152,0)))) -> 84.3 | N5: =IF($B5="",NA(),$B5) -> Take Home 1 | O5: =IF($D5="",NA(),$D5) -> 34 | P5: =IF($E5="",NA(),$E5) -> 90.5 | Q5: =IF($F5="",NA(),$F5) -> 13 | R5: =IF($G5="",NA(),$G5) -> 62.87 | S5: =IF($H5="",NA(),$H5) -> 23 | T5: =IF($I5="",NA(),$I5) -> 74.39 | U5: =IF($J5="",NA(),$J5) -> 70 | V5: =IF($K5="",NA(),$K5) -> 84.3 | Z5: Take Home 1 | AA5: 34 | AB5: 90.5 | AC5: 13 | AD5: 62.87 | AE5: 23 | AF5: 74.39 | AG5: 70 | AH5: 84.3 | AM5: =IF($B5="",NA(),$A5) -> 4 | AN5: =$U5 -> 70
A6: 5 | B6: =IFERROR(INDEX('Mock Database'!$D$3:$D$152,MATCH($A6,'Mock Database'!$C$3:$C$152,0)),"") -> SimCAT 4 | C6: =IFERROR(INDEX('Mock Database'!$I$3:$I$152,MATCH($A6,'Mock Database'!$C$3:$C$152,0)),"") -> 46186 | D6: =IF(ISNA(MATCH($A6,'Mock Database'!$C$3:$C$152,0)),"",IF(ISBLANK(OFFSET('Mock Database'!$M$2,MATCH($A6,'Mock Database'!$C$3:$C$152,0),0)),"",INDEX('Mock Database'!$M$3:$M$152,MATCH($A6,'Mock Database'!$C$3:$C$152,0)))) -> 49 | E6: =IF(ISNA(MATCH($A6,'Mock Database'!$C$3:$C$152,0)),"",IF(ISBLANK(OFFSET('Mock Database'!$N$2,MATCH($A6,'Mock Database'!$C$3:$C$152,0),0)),"",INDEX('Mock Database'!$N$3:$N$152,MATCH($A6,'Mock Database'!$C$3:$C$152,0)))) -> 98.79 | F6: =IF(ISNA(MATCH($A6,'Mock Database'!$C$3:$C$152,0)),"",IF(ISBLANK(OFFSET('Mock Database'!$S$2,MATCH($A6,'Mock Database'!$C$3:$C$152,0),0)),"",INDEX('Mock Database'!$S$3:$S$152,MATCH($A6,'Mock Database'!$C$3:$C$152,0)))) -> 29 | G6: =IF(ISNA(MATCH($A6,'Mock Database'!$C$3:$C$152,0)),"",IF(ISBLANK(OFFSET('Mock Database'!$T$2,MATCH($A6,'Mock Database'!$C$3:$C$152,0),0)),"",INDEX('Mock Database'!$T$3:$T$152,MATCH($A6,'Mock Database'!$C$3:$C$152,0)))) -> 91.89 | H6: =IF(ISNA(MATCH($A6,'Mock Database'!$C$3:$C$152,0)),"",IF(ISBLANK(OFFSET('Mock Database'!$Y$2,MATCH($A6,'Mock Database'!$C$3:$C$152,0),0)),"",INDEX('Mock Database'!$Y$3:$Y$152,MATCH($A6,'Mock Database'!$C$3:$C$152,0)))) -> 10 | I6: =IF(ISNA(MATCH($A6,'Mock Database'!$C$3:$C$152,0)),"",IF(ISBLANK(OFFSET('Mock Database'!$Z$2,MATCH($A6,'Mock Database'!$C$3:$C$152,0),0)),"",INDEX('Mock Database'!$Z$3:$Z$152,MATCH($A6,'Mock Database'!$C$3:$C$152,0)))) -> 54.89 | J6: =IF(ISNA(MATCH($A6,'Mock Database'!$C$3:$C$152,0)),"",IF(ISBLANK(OFFSET('Mock Database'!$AE$2,MATCH($A6,'Mock Database'!$C$3:$C$152,0),0)),"",INDEX('Mock Database'!$AE$3:$AE$152,MATCH($A6,'Mock Database'!$C$3:$C$152,0)))) -> 88 | K6: =IF(ISNA(MATCH($A6,'Mock Database'!$C$3:$C$152,0)),"",IF(ISBLANK(OFFSET('Mock Database'!$AF$2,MATCH($A6,'Mock Database'!$C$3:$C$152,0),0)),"",INDEX('Mock Database'!$AF$3:$AF$152,MATCH($A6,'Mock Database'!$C$3:$C$152,0)))) -> 94.82 | N6: =IF($B6="",NA(),$B6) -> SimCAT 4 | O6: =IF($D6="",NA(),$D6) -> 49 | P6: =IF($E6="",NA(),$E6) -> 98.79 | Q6: =IF($F6="",NA(),$F6) -> 29 | R6: =IF($G6="",NA(),$G6) -> 91.89 | S6: =IF($H6="",NA(),$H6) -> 10 | T6: =IF($I6="",NA(),$I6) -> 54.89 | U6: =IF($J6="",NA(),$J6) -> 88 | V6: =IF($K6="",NA(),$K6) -> 94.82 | Z6: SimCAT 4 | AA6: 49 | AB6: 98.79 | AC6: 29 | AD6: 91.89 | AE6: 10 | AF6: 54.89 | AG6: 88 | AH6: 94.82 | AM6: =IF($B6="",NA(),$A6) -> 5 | AN6: =$U6 -> 88
A7: 6 | B7: =IFERROR(INDEX('Mock Database'!$D$3:$D$152,MATCH($A7,'Mock Database'!$C$3:$C$152,0)),"") -> Take Home 2 | C7: =IFERROR(INDEX('Mock Database'!$I$3:$I$152,MATCH($A7,'Mock Database'!$C$3:$C$152,0)),"") -> 46191 | D7: =IF(ISNA(MATCH($A7,'Mock Database'!$C$3:$C$152,0)),"",IF(ISBLANK(OFFSET('Mock Database'!$M$2,MATCH($A7,'Mock Database'!$C$3:$C$152,0),0)),"",INDEX('Mock Database'!$M$3:$M$152,MATCH($A7,'Mock Database'!$C$3:$C$152,0)))) -> 50 | E7: =IF(ISNA(MATCH($A7,'Mock Database'!$C$3:$C$152,0)),"",IF(ISBLANK(OFFSET('Mock Database'!$N$2,MATCH($A7,'Mock Database'!$C$3:$C$152,0),0)),"",INDEX('Mock Database'!$N$3:$N$152,MATCH($A7,'Mock Database'!$C$3:$C$152,0)))) -> 99.62 | F7: =IF(ISNA(MATCH($A7,'Mock Database'!$C$3:$C$152,0)),"",IF(ISBLANK(OFFSET('Mock Database'!$S$2,MATCH($A7,'Mock Database'!$C$3:$C$152,0),0)),"",INDEX('Mock Database'!$S$3:$S$152,MATCH($A7,'Mock Database'!$C$3:$C$152,0)))) -> 23 | G7: =IF(ISNA(MATCH($A7,'Mock Database'!$C$3:$C$152,0)),"",IF(ISBLANK(OFFSET('Mock Database'!$T$2,MATCH($A7,'Mock Database'!$C$3:$C$152,0),0)),"",INDEX('Mock Database'!$T$3:$T$152,MATCH($A7,'Mock Database'!$C$3:$C$152,0)))) -> 75.74 | H7: =IF(ISNA(MATCH($A7,'Mock Database'!$C$3:$C$152,0)),"",IF(ISBLANK(OFFSET('Mock Database'!$Y$2,MATCH($A7,'Mock Database'!$C$3:$C$152,0),0)),"",INDEX('Mock Database'!$Y$3:$Y$152,MATCH($A7,'Mock Database'!$C$3:$C$152,0)))) -> 10 | I7: =IF(ISNA(MATCH($A7,'Mock Database'!$C$3:$C$152,0)),"",IF(ISBLANK(OFFSET('Mock Database'!$Z$2,MATCH($A7,'Mock Database'!$C$3:$C$152,0),0)),"",INDEX('Mock Database'!$Z$3:$Z$152,MATCH($A7,'Mock Database'!$C$3:$C$152,0)))) -> 45.38 | J7: =IF(ISNA(MATCH($A7,'Mock Database'!$C$3:$C$152,0)),"",IF(ISBLANK(OFFSET('Mock Database'!$AE$2,MATCH($A7,'Mock Database'!$C$3:$C$152,0),0)),"",INDEX('Mock Database'!$AE$3:$AE$152,MATCH($A7,'Mock Database'!$C$3:$C$152,0)))) -> 83 | K7: =IF(ISNA(MATCH($A7,'Mock Database'!$C$3:$C$152,0)),"",IF(ISBLANK(OFFSET('Mock Database'!$AF$2,MATCH($A7,'Mock Database'!$C$3:$C$152,0),0)),"",INDEX('Mock Database'!$AF$3:$AF$152,MATCH($A7,'Mock Database'!$C$3:$C$152,0)))) -> 94.57 | N7: =IF($B7="",NA(),$B7) -> Take Home 2 | O7: =IF($D7="",NA(),$D7) -> 50 | P7: =IF($E7="",NA(),$E7) -> 99.62 | Q7: =IF($F7="",NA(),$F7) -> 23 | R7: =IF($G7="",NA(),$G7) -> 75.74 | S7: =IF($H7="",NA(),$H7) -> 10 | T7: =IF($I7="",NA(),$I7) -> 45.38 | U7: =IF($J7="",NA(),$J7) -> 83 | V7: =IF($K7="",NA(),$K7) -> 94.57 | Z7: Take Home 2 | AA7: 50 | AB7: 99.62 | AC7: 23 | AD7: 75.74 | AE7: 10 | AF7: 45.38 | AG7: 83 | AH7: 94.57 | AM7: =IF($B7="",NA(),$A7) -> 6 | AN7: =$U7 -> 83
A8: 7 | B8: =IFERROR(INDEX('Mock Database'!$D$3:$D$152,MATCH($A8,'Mock Database'!$C$3:$C$152,0)),"") -> Take Home 3 | C8: =IFERROR(INDEX('Mock Database'!$I$3:$I$152,MATCH($A8,'Mock Database'!$C$3:$C$152,0)),"") -> 46198 | D8: =IF(ISNA(MATCH($A8,'Mock Database'!$C$3:$C$152,0)),"",IF(ISBLANK(OFFSET('Mock Database'!$M$2,MATCH($A8,'Mock Database'!$C$3:$C$152,0),0)),"",INDEX('Mock Database'!$M$3:$M$152,MATCH($A8,'Mock Database'!$C$3:$C$152,0)))) -> 45 | E8: =IF(ISNA(MATCH($A8,'Mock Database'!$C$3:$C$152,0)),"",IF(ISBLANK(OFFSET('Mock Database'!$N$2,MATCH($A8,'Mock Database'!$C$3:$C$152,0),0)),"",INDEX('Mock Database'!$N$3:$N$152,MATCH($A8,'Mock Database'!$C$3:$C$152,0)))) -> 99.91 | F8: =IF(ISNA(MATCH($A8,'Mock Database'!$C$3:$C$152,0)),"",IF(ISBLANK(OFFSET('Mock Database'!$S$2,MATCH($A8,'Mock Database'!$C$3:$C$152,0),0)),"",INDEX('Mock Database'!$S$3:$S$152,MATCH($A8,'Mock Database'!$C$3:$C$152,0)))) -> 3 | G8: =IF(ISNA(MATCH($A8,'Mock Database'!$C$3:$C$152,0)),"",IF(ISBLANK(OFFSET('Mock Database'!$T$2,MATCH($A8,'Mock Database'!$C$3:$C$152,0),0)),"",INDEX('Mock Database'!$T$3:$T$152,MATCH($A8,'Mock Database'!$C$3:$C$152,0)))) -> 33.84 | H8: =IF(ISNA(MATCH($A8,'Mock Database'!$C$3:$C$152,0)),"",IF(ISBLANK(OFFSET('Mock Database'!$Y$2,MATCH($A8,'Mock Database'!$C$3:$C$152,0),0)),"",INDEX('Mock Database'!$Y$3:$Y$152,MATCH($A8,'Mock Database'!$C$3:$C$152,0)))) -> 20 | I8: =IF(ISNA(MATCH($A8,'Mock Database'!$C$3:$C$152,0)),"",IF(ISBLANK(OFFSET('Mock Database'!$Z$2,MATCH($A8,'Mock Database'!$C$3:$C$152,0),0)),"",INDEX('Mock Database'!$Z$3:$Z$152,MATCH($A8,'Mock Database'!$C$3:$C$152,0)))) -> 83.13 | J8: =IF(ISNA(MATCH($A8,'Mock Database'!$C$3:$C$152,0)),"",IF(ISBLANK(OFFSET('Mock Database'!$AE$2,MATCH($A8,'Mock Database'!$C$3:$C$152,0),0)),"",INDEX('Mock Database'!$AE$3:$AE$152,MATCH($A8,'Mock Database'!$C$3:$C$152,0)))) -> 68 | K8: =IF(ISNA(MATCH($A8,'Mock Database'!$C$3:$C$152,0)),"",IF(ISBLANK(OFFSET('Mock Database'!$AF$2,MATCH($A8,'Mock Database'!$C$3:$C$152,0),0)),"",INDEX('Mock Database'!$AF$3:$AF$152,MATCH($A8,'Mock Database'!$C$3:$C$152,0)))) -> 98.37 | N8: =IF($B8="",NA(),$B8) -> Take Home 3 | O8: =IF($D8="",NA(),$D8) -> 45 | P8: =IF($E8="",NA(),$E8) -> 99.91 | Q8: =IF($F8="",NA(),$F8) -> 3 | R8: =IF($G8="",NA(),$G8) -> 33.84 | S8: =IF($H8="",NA(),$H8) -> 20 | T8: =IF($I8="",NA(),$I8) -> 83.13 | U8: =IF($J8="",NA(),$J8) -> 68 | V8: =IF($K8="",NA(),$K8) -> 98.37 | Z8: Take Home 3 | AA8: 45 | AB8: 99.91 | AC8: 3 | AD8: 33.84 | AE8: 20 | AF8: 83.13 | AG8: 68 | AH8: 98.37 | AM8: =IF($B8="",NA(),$A8) -> 7 | AN8: =$U8 -> 68
A9: 8 | B9: =IFERROR(INDEX('Mock Database'!$D$3:$D$152,MATCH($A9,'Mock Database'!$C$3:$C$152,0)),"") -> SimCAT 5 | C9: =IFERROR(INDEX('Mock Database'!$I$3:$I$152,MATCH($A9,'Mock Database'!$C$3:$C$152,0)),"") -> 46201 | D9: =IF(ISNA(MATCH($A9,'Mock Database'!$C$3:$C$152,0)),"",IF(ISBLANK(OFFSET('Mock Database'!$M$2,MATCH($A9,'Mock Database'!$C$3:$C$152,0),0)),"",INDEX('Mock Database'!$M$3:$M$152,MATCH($A9,'Mock Database'!$C$3:$C$152,0)))) -> 40 | E9: =IF(ISNA(MATCH($A9,'Mock Database'!$C$3:$C$152,0)),"",IF(ISBLANK(OFFSET('Mock Database'!$N$2,MATCH($A9,'Mock Database'!$C$3:$C$152,0),0)),"",INDEX('Mock Database'!$N$3:$N$152,MATCH($A9,'Mock Database'!$C$3:$C$152,0)))) -> 98.12 | F9: =IF(ISNA(MATCH($A9,'Mock Database'!$C$3:$C$152,0)),"",IF(ISBLANK(OFFSET('Mock Database'!$S$2,MATCH($A9,'Mock Database'!$C$3:$C$152,0),0)),"",INDEX('Mock Database'!$S$3:$S$152,MATCH($A9,'Mock Database'!$C$3:$C$152,0)))) -> 15 | G9: =IF(ISNA(MATCH($A9,'Mock Database'!$C$3:$C$152,0)),"",IF(ISBLANK(OFFSET('Mock Database'!$T$2,MATCH($A9,'Mock Database'!$C$3:$C$152,0),0)),"",INDEX('Mock Database'!$T$3:$T$152,MATCH($A9,'Mock Database'!$C$3:$C$152,0)))) -> 76.03 | H9: =IF(ISNA(MATCH($A9,'Mock Database'!$C$3:$C$152,0)),"",IF(ISBLANK(OFFSET('Mock Database'!$Y$2,MATCH($A9,'Mock Database'!$C$3:$C$152,0),0)),"",INDEX('Mock Database'!$Y$3:$Y$152,MATCH($A9,'Mock Database'!$C$3:$C$152,0)))) -> 36 | I9: =IF(ISNA(MATCH($A9,'Mock Database'!$C$3:$C$152,0)),"",IF(ISBLANK(OFFSET('Mock Database'!$Z$2,MATCH($A9,'Mock Database'!$C$3:$C$152,0),0)),"",INDEX('Mock Database'!$Z$3:$Z$152,MATCH($A9,'Mock Database'!$C$3:$C$152,0)))) -> 96.81 | J9: =IF(ISNA(MATCH($A9,'Mock Database'!$C$3:$C$152,0)),"",IF(ISBLANK(OFFSET('Mock Database'!$AE$2,MATCH($A9,'Mock Database'!$C$3:$C$152,0),0)),"",INDEX('Mock Database'!$AE$3:$AE$152,MATCH($A9,'Mock Database'!$C$3:$C$152,0)))) -> 91 | K9: =IF(ISNA(MATCH($A9,'Mock Database'!$C$3:$C$152,0)),"",IF(ISBLANK(OFFSET('Mock Database'!$AF$2,MATCH($A9,'Mock Database'!$C$3:$C$152,0),0)),"",INDEX('Mock Database'!$AF$3:$AF$152,MATCH($A9,'Mock Database'!$C$3:$C$152,0)))) -> 97.35 | N9: =IF($B9="",NA(),$B9) -> SimCAT 5 | O9: =IF($D9="",NA(),$D9) -> 40 | P9: =IF($E9="",NA(),$E9) -> 98.12 | Q9: =IF($F9="",NA(),$F9) -> 15 | R9: =IF($G9="",NA(),$G9) -> 76.03 | S9: =IF($H9="",NA(),$H9) -> 36 | T9: =IF($I9="",NA(),$I9) -> 96.81 | U9: =IF($J9="",NA(),$J9) -> 91 | V9: =IF($K9="",NA(),$K9) -> 97.35 | Z9: SimCAT 5 | AA9: 40 | AB9: 98.12 | AC9: 15 | AD9: 76.03 | AE9: 36 | AF9: 96.81 | AG9: 91 | AH9: 97.35 | AM9: =IF($B9="",NA(),$A9) -> 8 | AN9: =$U9 -> 91
A10: 9 | B10: =IFERROR(INDEX('Mock Database'!$D$3:$D$152,MATCH($A10,'Mock Database'!$C$3:$C$152,0)),"") -> CAT 2021 Slot 1 | C10: =IFERROR(INDEX('Mock Database'!$I$3:$I$152,MATCH($A10,'Mock Database'!$C$3:$C$152,0)),"") -> 46204 | D10: =IF(ISNA(MATCH($A10,'Mock Database'!$C$3:$C$152,0)),"",IF(ISBLANK(OFFSET('Mock Database'!$M$2,MATCH($A10,'Mock Database'!$C$3:$C$152,0),0)),"",INDEX('Mock Database'!$M$3:$M$152,MATCH($A10,'Mock Database'!$C$3:$C$152,0)))) -> 31 | E10: =IF(ISNA(MATCH($A10,'Mock Database'!$C$3:$C$152,0)),"",IF(ISBLANK(OFFSET('Mock Database'!$N$2,MATCH($A10,'Mock Database'!$C$3:$C$152,0),0)),"",INDEX('Mock Database'!$N$3:$N$152,MATCH($A10,'Mock Database'!$C$3:$C$152,0)))) | F10: =IF(ISNA(MATCH($A10,'Mock Database'!$C$3:$C$152,0)),"",IF(ISBLANK(OFFSET('Mock Database'!$S$2,MATCH($A10,'Mock Database'!$C$3:$C$152,0),0)),"",INDEX('Mock Database'!$S$3:$S$152,MATCH($A10,'Mock Database'!$C$3:$C$152,0)))) -> 27 | G10: =IF(ISNA(MATCH($A10,'Mock Database'!$C$3:$C$152,0)),"",IF(ISBLANK(OFFSET('Mock Database'!$T$2,MATCH($A10,'Mock Database'!$C$3:$C$152,0),0)),"",INDEX('Mock Database'!$T$3:$T$152,MATCH($A10,'Mock Database'!$C$3:$C$152,0)))) | H10: =IF(ISNA(MATCH($A10,'Mock Database'!$C$3:$C$152,0)),"",IF(ISBLANK(OFFSET('Mock Database'!$Y$2,MATCH($A10,'Mock Database'!$C$3:$C$152,0),0)),"",INDEX('Mock Database'!$Y$3:$Y$152,MATCH($A10,'Mock Database'!$C$3:$C$152,0)))) -> 24 | I10: =IF(ISNA(MATCH($A10,'Mock Database'!$C$3:$C$152,0)),"",IF(ISBLANK(OFFSET('Mock Database'!$Z$2,MATCH($A10,'Mock Database'!$C$3:$C$152,0),0)),"",INDEX('Mock Database'!$Z$3:$Z$152,MATCH($A10,'Mock Database'!$C$3:$C$152,0)))) | J10: =IF(ISNA(MATCH($A10,'Mock Database'!$C$3:$C$152,0)),"",IF(ISBLANK(OFFSET('Mock Database'!$AE$2,MATCH($A10,'Mock Database'!$C$3:$C$152,0),0)),"",INDEX('Mock Database'!$AE$3:$AE$152,MATCH($A10,'Mock Database'!$C$3:$C$152,0)))) -> 82 | K10: =IF(ISNA(MATCH($A10,'Mock Database'!$C$3:$C$152,0)),"",IF(ISBLANK(OFFSET('Mock Database'!$AF$2,MATCH($A10,'Mock Database'!$C$3:$C$152,0),0)),"",INDEX('Mock Database'!$AF$3:$AF$152,MATCH($A10,'Mock Database'!$C$3:$C$152,0)))) | N10: =IF($B10="",NA(),$B10) -> CAT 2021 Slot 1 | O10: =IF($D10="",NA(),$D10) -> 31 | P10: =IF($E10="",NA(),$E10) -> #N/A | Q10: =IF($F10="",NA(),$F10) -> 27 | R10: =IF($G10="",NA(),$G10) -> #N/A | S10: =IF($H10="",NA(),$H10) -> 24 | T10: =IF($I10="",NA(),$I10) -> #N/A | U10: =IF($J10="",NA(),$J10) -> 82 | V10: =IF($K10="",NA(),$K10) -> #N/A | Z10: CAT 2021 Slot 1 | AA10: 31 | AB10: #N/A | AC10: 27 | AD10: #N/A | AE10: 24 | AF10: #N/A | AG10: 82 | AH10: #N/A | AM10: =IF($B10="",NA(),$A10) -> 9 | AN10: =$U10 -> 82
A11: 10 | B11: =IFERROR(INDEX('Mock Database'!$D$3:$D$152,MATCH($A11,'Mock Database'!$C$3:$C$152,0)),"") -> Take Home 4 | C11: =IFERROR(INDEX('Mock Database'!$I$3:$I$152,MATCH($A11,'Mock Database'!$C$3:$C$152,0)),"") -> 46216 | D11: =IF(ISNA(MATCH($A11,'Mock Database'!$C$3:$C$152,0)),"",IF(ISBLANK(OFFSET('Mock Database'!$M$2,MATCH($A11,'Mock Database'!$C$3:$C$152,0),0)),"",INDEX('Mock Database'!$M$3:$M$152,MATCH($A11,'Mock Database'!$C$3:$C$152,0)))) -> 20 | E11: =IF(ISNA(MATCH($A11,'Mock Database'!$C$3:$C$152,0)),"",IF(ISBLANK(OFFSET('Mock Database'!$N$2,MATCH($A11,'Mock Database'!$C$3:$C$152,0),0)),"",INDEX('Mock Database'!$N$3:$N$152,MATCH($A11,'Mock Database'!$C$3:$C$152,0)))) -> 65.51 | F11: =IF(ISNA(MATCH($A11,'Mock Database'!$C$3:$C$152,0)),"",IF(ISBLANK(OFFSET('Mock Database'!$S$2,MATCH($A11,'Mock Database'!$C$3:$C$152,0),0)),"",INDEX('Mock Database'!$S$3:$S$152,MATCH($A11,'Mock Database'!$C$3:$C$152,0)))) -> 16 | G11: =IF(ISNA(MATCH($A11,'Mock Database'!$C$3:$C$152,0)),"",IF(ISBLANK(OFFSET('Mock Database'!$T$2,MATCH($A11,'Mock Database'!$C$3:$C$152,0),0)),"",INDEX('Mock Database'!$T$3:$T$152,MATCH($A11,'Mock Database'!$C$3:$C$152,0)))) -> 83.74 | H11: =IF(ISNA(MATCH($A11,'Mock Database'!$C$3:$C$152,0)),"",IF(ISBLANK(OFFSET('Mock Database'!$Y$2,MATCH($A11,'Mock Database'!$C$3:$C$152,0),0)),"",INDEX('Mock Database'!$Y$3:$Y$152,MATCH($A11,'Mock Database'!$C$3:$C$152,0)))) -> 19 | I11: =IF(ISNA(MATCH($A11,'Mock Database'!$C$3:$C$152,0)),"",IF(ISBLANK(OFFSET('Mock Database'!$Z$2,MATCH($A11,'Mock Database'!$C$3:$C$152,0),0)),"",INDEX('Mock Database'!$Z$3:$Z$152,MATCH($A11,'Mock Database'!$C$3:$C$152,0)))) -> 69.82 | J11: =IF(ISNA(MATCH($A11,'Mock Database'!$C$3:$C$152,0)),"",IF(ISBLANK(OFFSET('Mock Database'!$AE$2,MATCH($A11,'Mock Database'!$C$3:$C$152,0),0)),"",INDEX('Mock Database'!$AE$3:$AE$152,MATCH($A11,'Mock Database'!$C$3:$C$152,0)))) -> 55 | K11: =IF(ISNA(MATCH($A11,'Mock Database'!$C$3:$C$152,0)),"",IF(ISBLANK(OFFSET('Mock Database'!$AF$2,MATCH($A11,'Mock Database'!$C$3:$C$152,0),0)),"",INDEX('Mock Database'!$AF$3:$AF$152,MATCH($A11,'Mock Database'!$C$3:$C$152,0)))) -> 79.22 | N11: =IF($B11="",NA(),$B11) -> Take Home 4 | O11: =IF($D11="",NA(),$D11) -> 20 | P11: =IF($E11="",NA(),$E11) -> 65.51 | Q11: =IF($F11="",NA(),$F11) -> 16 | R11: =IF($G11="",NA(),$G11) -> 83.74 | S11: =IF($H11="",NA(),$H11) -> 19 | T11: =IF($I11="",NA(),$I11) -> 69.82 | U11: =IF($J11="",NA(),$J11) -> 55 | V11: =IF($K11="",NA(),$K11) -> 79.22 | Z11: Take Home 4 | AA11: 20 | AB11: 65.51 | AC11: 16 | AD11: 83.74 | AE11: 19 | AF11: 69.82 | AG11: 55 | AH11: 79.22 | AM11: =IF($B11="",NA(),$A11) -> 10 | AN11: =$U11 -> 55
A12: 11 | B12: =IFERROR(INDEX('Mock Database'!$D$3:$D$152,MATCH($A12,'Mock Database'!$C$3:$C$152,0)),"") | C12: =IFERROR(INDEX('Mock Database'!$I$3:$I$152,MATCH($A12,'Mock Database'!$C$3:$C$152,0)),"") | D12: =IF(ISNA(MATCH($A12,'Mock Database'!$C$3:$C$152,0)),"",IF(ISBLANK(OFFSET('Mock Database'!$M$2,MATCH($A12,'Mock Database'!$C$3:$C$152,0),0)),"",INDEX('Mock Database'!$M$3:$M$152,MATCH($A12,'Mock Database'!$C$3:$C$152,0)))) | E12: =IF(ISNA(MATCH($A12,'Mock Database'!$C$3:$C$152,0)),"",IF(ISBLANK(OFFSET('Mock Database'!$N$2,MATCH($A12,'Mock Database'!$C$3:$C$152,0),0)),"",INDEX('Mock Database'!$N$3:$N$152,MATCH($A12,'Mock Database'!$C$3:$C$152,0)))) | F12: =IF(ISNA(MATCH($A12,'Mock Database'!$C$3:$C$152,0)),"",IF(ISBLANK(OFFSET('Mock Database'!$S$2,MATCH($A12,'Mock Database'!$C$3:$C$152,0),0)),"",INDEX('Mock Database'!$S$3:$S$152,MATCH($A12,'Mock Database'!$C$3:$C$152,0)))) | G12: =IF(ISNA(MATCH($A12,'Mock Database'!$C$3:$C$152,0)),"",IF(ISBLANK(OFFSET('Mock Database'!$T$2,MATCH($A12,'Mock Database'!$C$3:$C$152,0),0)),"",INDEX('Mock Database'!$T$3:$T$152,MATCH($A12,'Mock Database'!$C$3:$C$152,0)))) | H12: =IF(ISNA(MATCH($A12,'Mock Database'!$C$3:$C$152,0)),"",IF(ISBLANK(OFFSET('Mock Database'!$Y$2,MATCH($A12,'Mock Database'!$C$3:$C$152,0),0)),"",INDEX('Mock Database'!$Y$3:$Y$152,MATCH($A12,'Mock Database'!$C$3:$C$152,0)))) | I12: =IF(ISNA(MATCH($A12,'Mock Database'!$C$3:$C$152,0)),"",IF(ISBLANK(OFFSET('Mock Database'!$Z$2,MATCH($A12,'Mock Database'!$C$3:$C$152,0),0)),"",INDEX('Mock Database'!$Z$3:$Z$152,MATCH($A12,'Mock Database'!$C$3:$C$152,0)))) | J12: =IF(ISNA(MATCH($A12,'Mock Database'!$C$3:$C$152,0)),"",IF(ISBLANK(OFFSET('Mock Database'!$AE$2,MATCH($A12,'Mock Database'!$C$3:$C$152,0),0)),"",INDEX('Mock Database'!$AE$3:$AE$152,MATCH($A12,'Mock Database'!$C$3:$C$152,0)))) | K12: =IF(ISNA(MATCH($A12,'Mock Database'!$C$3:$C$152,0)),"",IF(ISBLANK(OFFSET('Mock Database'!$AF$2,MATCH($A12,'Mock Database'!$C$3:$C$152,0),0)),"",INDEX('Mock Database'!$AF$3:$AF$152,MATCH($A12,'Mock Database'!$C$3:$C$152,0)))) | N12: =IF($B12="",NA(),$B12) -> #N/A | O12: =IF($D12="",NA(),$D12) -> #N/A | P12: =IF($E12="",NA(),$E12) -> #N/A | Q12: =IF($F12="",NA(),$F12) -> #N/A | R12: =IF($G12="",NA(),$G12) -> #N/A | S12: =IF($H12="",NA(),$H12) -> #N/A | T12: =IF($I12="",NA(),$I12) -> #N/A | U12: =IF($J12="",NA(),$J12) -> #N/A | V12: =IF($K12="",NA(),$K12) -> #N/A | AM12: =IF($B12="",NA(),$A12) -> #N/A | AN12: =$U12 -> #N/A
A13: 12 | B13: =IFERROR(INDEX('Mock Database'!$D$3:$D$152,MATCH($A13,'Mock Database'!$C$3:$C$152,0)),"") | C13: =IFERROR(INDEX('Mock Database'!$I$3:$I$152,MATCH($A13,'Mock Database'!$C$3:$C$152,0)),"") | D13: =IF(ISNA(MATCH($A13,'Mock Database'!$C$3:$C$152,0)),"",IF(ISBLANK(OFFSET('Mock Database'!$M$2,MATCH($A13,'Mock Database'!$C$3:$C$152,0),0)),"",INDEX('Mock Database'!$M$3:$M$152,MATCH($A13,'Mock Database'!$C$3:$C$152,0)))) | E13: =IF(ISNA(MATCH($A13,'Mock Database'!$C$3:$C$152,0)),"",IF(ISBLANK(OFFSET('Mock Database'!$N$2,MATCH($A13,'Mock Database'!$C$3:$C$152,0),0)),"",INDEX('Mock Database'!$N$3:$N$152,MATCH($A13,'Mock Database'!$C$3:$C$152,0)))) | F13: =IF(ISNA(MATCH($A13,'Mock Database'!$C$3:$C$152,0)),"",IF(ISBLANK(OFFSET('Mock Database'!$S$2,MATCH($A13,'Mock Database'!$C$3:$C$152,0),0)),"",INDEX('Mock Database'!$S$3:$S$152,MATCH($A13,'Mock Database'!$C$3:$C$152,0)))) | G13: =IF(ISNA(MATCH($A13,'Mock Database'!$C$3:$C$152,0)),"",IF(ISBLANK(OFFSET('Mock Database'!$T$2,MATCH($A13,'Mock Database'!$C$3:$C$152,0),0)),"",INDEX('Mock Database'!$T$3:$T$152,MATCH($A13,'Mock Database'!$C$3:$C$152,0)))) | H13: =IF(ISNA(MATCH($A13,'Mock Database'!$C$3:$C$152,0)),"",IF(ISBLANK(OFFSET('Mock Database'!$Y$2,MATCH($A13,'Mock Database'!$C$3:$C$152,0),0)),"",INDEX('Mock Database'!$Y$3:$Y$152,MATCH($A13,'Mock Database'!$C$3:$C$152,0)))) | I13: =IF(ISNA(MATCH($A13,'Mock Database'!$C$3:$C$152,0)),"",IF(ISBLANK(OFFSET('Mock Database'!$Z$2,MATCH($A13,'Mock Database'!$C$3:$C$152,0),0)),"",INDEX('Mock Database'!$Z$3:$Z$152,MATCH($A13,'Mock Database'!$C$3:$C$152,0)))) | J13: =IF(ISNA(MATCH($A13,'Mock Database'!$C$3:$C$152,0)),"",IF(ISBLANK(OFFSET('Mock Database'!$AE$2,MATCH($A13,'Mock Database'!$C$3:$C$152,0),0)),"",INDEX('Mock Database'!$AE$3:$AE$152,MATCH($A13,'Mock Database'!$C$3:$C$152,0)))) | K13: =IF(ISNA(MATCH($A13,'Mock Database'!$C$3:$C$152,0)),"",IF(ISBLANK(OFFSET('Mock Database'!$AF$2,MATCH($A13,'Mock Database'!$C$3:$C$152,0),0)),"",INDEX('Mock Database'!$AF$3:$AF$152,MATCH($A13,'Mock Database'!$C$3:$C$152,0)))) | N13: =IF($B13="",NA(),$B13) -> #N/A | O13: =IF($D13="",NA(),$D13) -> #N/A | P13: =IF($E13="",NA(),$E13) -> #N/A | Q13: =IF($F13="",NA(),$F13) -> #N/A | R13: =IF($G13="",NA(),$G13) -> #N/A | S13: =IF($H13="",NA(),$H13) -> #N/A | T13: =IF($I13="",NA(),$I13) -> #N/A | U13: =IF($J13="",NA(),$J13) -> #N/A | V13: =IF($K13="",NA(),$K13) -> #N/A | AM13: =IF($B13="",NA(),$A13) -> #N/A | AN13: =$U13 -> #N/A
A14: 13 | B14: =IFERROR(INDEX('Mock Database'!$D$3:$D$152,MATCH($A14,'Mock Database'!$C$3:$C$152,0)),"") | C14: =IFERROR(INDEX('Mock Database'!$I$3:$I$152,MATCH($A14,'Mock Database'!$C$3:$C$152,0)),"") | D14: =IF(ISNA(MATCH($A14,'Mock Database'!$C$3:$C$152,0)),"",IF(ISBLANK(OFFSET('Mock Database'!$M$2,MATCH($A14,'Mock Database'!$C$3:$C$152,0),0)),"",INDEX('Mock Database'!$M$3:$M$152,MATCH($A14,'Mock Database'!$C$3:$C$152,0)))) | E14: =IF(ISNA(MATCH($A14,'Mock Database'!$C$3:$C$152,0)),"",IF(ISBLANK(OFFSET('Mock Database'!$N$2,MATCH($A14,'Mock Database'!$C$3:$C$152,0),0)),"",INDEX('Mock Database'!$N$3:$N$152,MATCH($A14,'Mock Database'!$C$3:$C$152,0)))) | F14: =IF(ISNA(MATCH($A14,'Mock Database'!$C$3:$C$152,0)),"",IF(ISBLANK(OFFSET('Mock Database'!$S$2,MATCH($A14,'Mock Database'!$C$3:$C$152,0),0)),"",INDEX('Mock Database'!$S$3:$S$152,MATCH($A14,'Mock Database'!$C$3:$C$152,0)))) | G14: =IF(ISNA(MATCH($A14,'Mock Database'!$C$3:$C$152,0)),"",IF(ISBLANK(OFFSET('Mock Database'!$T$2,MATCH($A14,'Mock Database'!$C$3:$C$152,0),0)),"",INDEX('Mock Database'!$T$3:$T$152,MATCH($A14,'Mock Database'!$C$3:$C$152,0)))) | H14: =IF(ISNA(MATCH($A14,'Mock Database'!$C$3:$C$152,0)),"",IF(ISBLANK(OFFSET('Mock Database'!$Y$2,MATCH($A14,'Mock Database'!$C$3:$C$152,0),0)),"",INDEX('Mock Database'!$Y$3:$Y$152,MATCH($A14,'Mock Database'!$C$3:$C$152,0)))) | I14: =IF(ISNA(MATCH($A14,'Mock Database'!$C$3:$C$152,0)),"",IF(ISBLANK(OFFSET('Mock Database'!$Z$2,MATCH($A14,'Mock Database'!$C$3:$C$152,0),0)),"",INDEX('Mock Database'!$Z$3:$Z$152,MATCH($A14,'Mock Database'!$C$3:$C$152,0)))) | J14: =IF(ISNA(MATCH($A14,'Mock Database'!$C$3:$C$152,0)),"",IF(ISBLANK(OFFSET('Mock Database'!$AE$2,MATCH($A14,'Mock Database'!$C$3:$C$152,0),0)),"",INDEX('Mock Database'!$AE$3:$AE$152,MATCH($A14,'Mock Database'!$C$3:$C$152,0)))) | K14: =IF(ISNA(MATCH($A14,'Mock Database'!$C$3:$C$152,0)),"",IF(ISBLANK(OFFSET('Mock Database'!$AF$2,MATCH($A14,'Mock Database'!$C$3:$C$152,0),0)),"",INDEX('Mock Database'!$AF$3:$AF$152,MATCH($A14,'Mock Database'!$C$3:$C$152,0)))) | N14: =IF($B14="",NA(),$B14) -> #N/A | O14: =IF($D14="",NA(),$D14) -> #N/A | P14: =IF($E14="",NA(),$E14) -> #N/A | Q14: =IF($F14="",NA(),$F14) -> #N/A | R14: =IF($G14="",NA(),$G14) -> #N/A | S14: =IF($H14="",NA(),$H14) -> #N/A | T14: =IF($I14="",NA(),$I14) -> #N/A | U14: =IF($J14="",NA(),$J14) -> #N/A | V14: =IF($K14="",NA(),$K14) -> #N/A | AM14: =IF($B14="",NA(),$A14) -> #N/A | AN14: =$U14 -> #N/A
A15: 14 | B15: =IFERROR(INDEX('Mock Database'!$D$3:$D$152,MATCH($A15,'Mock Database'!$C$3:$C$152,0)),"") | C15: =IFERROR(INDEX('Mock Database'!$I$3:$I$152,MATCH($A15,'Mock Database'!$C$3:$C$152,0)),"") | D15: =IF(ISNA(MATCH($A15,'Mock Database'!$C$3:$C$152,0)),"",IF(ISBLANK(OFFSET('Mock Database'!$M$2,MATCH($A15,'Mock Database'!$C$3:$C$152,0),0)),"",INDEX('Mock Database'!$M$3:$M$152,MATCH($A15,'Mock Database'!$C$3:$C$152,0)))) | E15: =IF(ISNA(MATCH($A15,'Mock Database'!$C$3:$C$152,0)),"",IF(ISBLANK(OFFSET('Mock Database'!$N$2,MATCH($A15,'Mock Database'!$C$3:$C$152,0),0)),"",INDEX('Mock Database'!$N$3:$N$152,MATCH($A15,'Mock Database'!$C$3:$C$152,0)))) | F15: =IF(ISNA(MATCH($A15,'Mock Database'!$C$3:$C$152,0)),"",IF(ISBLANK(OFFSET('Mock Database'!$S$2,MATCH($A15,'Mock Database'!$C$3:$C$152,0),0)),"",INDEX('Mock Database'!$S$3:$S$152,MATCH($A15,'Mock Database'!$C$3:$C$152,0)))) | G15: =IF(ISNA(MATCH($A15,'Mock Database'!$C$3:$C$152,0)),"",IF(ISBLANK(OFFSET('Mock Database'!$T$2,MATCH($A15,'Mock Database'!$C$3:$C$152,0),0)),"",INDEX('Mock Database'!$T$3:$T$152,MATCH($A15,'Mock Database'!$C$3:$C$152,0)))) | H15: =IF(ISNA(MATCH($A15,'Mock Database'!$C$3:$C$152,0)),"",IF(ISBLANK(OFFSET('Mock Database'!$Y$2,MATCH($A15,'Mock Database'!$C$3:$C$152,0),0)),"",INDEX('Mock Database'!$Y$3:$Y$152,MATCH($A15,'Mock Database'!$C$3:$C$152,0)))) | I15: =IF(ISNA(MATCH($A15,'Mock Database'!$C$3:$C$152,0)),"",IF(ISBLANK(OFFSET('Mock Database'!$Z$2,MATCH($A15,'Mock Database'!$C$3:$C$152,0),0)),"",INDEX('Mock Database'!$Z$3:$Z$152,MATCH($A15,'Mock Database'!$C$3:$C$152,0)))) | J15: =IF(ISNA(MATCH($A15,'Mock Database'!$C$3:$C$152,0)),"",IF(ISBLANK(OFFSET('Mock Database'!$AE$2,MATCH($A15,'Mock Database'!$C$3:$C$152,0),0)),"",INDEX('Mock Database'!$AE$3:$AE$152,MATCH($A15,'Mock Database'!$C$3:$C$152,0)))) | K15: =IF(ISNA(MATCH($A15,'Mock Database'!$C$3:$C$152,0)),"",IF(ISBLANK(OFFSET('Mock Database'!$AF$2,MATCH($A15,'Mock Database'!$C$3:$C$152,0),0)),"",INDEX('Mock Database'!$AF$3:$AF$152,MATCH($A15,'Mock Database'!$C$3:$C$152,0)))) | N15: =IF($B15="",NA(),$B15) -> #N/A | O15: =IF($D15="",NA(),$D15) -> #N/A | P15: =IF($E15="",NA(),$E15) -> #N/A | Q15: =IF($F15="",NA(),$F15) -> #N/A | R15: =IF($G15="",NA(),$G15) -> #N/A | S15: =IF($H15="",NA(),$H15) -> #N/A | T15: =IF($I15="",NA(),$I15) -> #N/A | U15: =IF($J15="",NA(),$J15) -> #N/A | V15: =IF($K15="",NA(),$K15) -> #N/A | AM15: =IF($B15="",NA(),$A15) -> #N/A | AN15: =$U15 -> #N/A
A16: 15 | B16: =IFERROR(INDEX('Mock Database'!$D$3:$D$152,MATCH($A16,'Mock Database'!$C$3:$C$152,0)),"") | C16: =IFERROR(INDEX('Mock Database'!$I$3:$I$152,MATCH($A16,'Mock Database'!$C$3:$C$152,0)),"") | D16: =IF(ISNA(MATCH($A16,'Mock Database'!$C$3:$C$152,0)),"",IF(ISBLANK(OFFSET('Mock Database'!$M$2,MATCH($A16,'Mock Database'!$C$3:$C$152,0),0)),"",INDEX('Mock Database'!$M$3:$M$152,MATCH($A16,'Mock Database'!$C$3:$C$152,0)))) | E16: =IF(ISNA(MATCH($A16,'Mock Database'!$C$3:$C$152,0)),"",IF(ISBLANK(OFFSET('Mock Database'!$N$2,MATCH($A16,'Mock Database'!$C$3:$C$152,0),0)),"",INDEX('Mock Database'!$N$3:$N$152,MATCH($A16,'Mock Database'!$C$3:$C$152,0)))) | F16: =IF(ISNA(MATCH($A16,'Mock Database'!$C$3:$C$152,0)),"",IF(ISBLANK(OFFSET('Mock Database'!$S$2,MATCH($A16,'Mock Database'!$C$3:$C$152,0),0)),"",INDEX('Mock Database'!$S$3:$S$152,MATCH($A16,'Mock Database'!$C$3:$C$152,0)))) | G16: =IF(ISNA(MATCH($A16,'Mock Database'!$C$3:$C$152,0)),"",IF(ISBLANK(OFFSET('Mock Database'!$T$2,MATCH($A16,'Mock Database'!$C$3:$C$152,0),0)),"",INDEX('Mock Database'!$T$3:$T$152,MATCH($A16,'Mock Database'!$C$3:$C$152,0)))) | H16: =IF(ISNA(MATCH($A16,'Mock Database'!$C$3:$C$152,0)),"",IF(ISBLANK(OFFSET('Mock Database'!$Y$2,MATCH($A16,'Mock Database'!$C$3:$C$152,0),0)),"",INDEX('Mock Database'!$Y$3:$Y$152,MATCH($A16,'Mock Database'!$C$3:$C$152,0)))) | I16: =IF(ISNA(MATCH($A16,'Mock Database'!$C$3:$C$152,0)),"",IF(ISBLANK(OFFSET('Mock Database'!$Z$2,MATCH($A16,'Mock Database'!$C$3:$C$152,0),0)),"",INDEX('Mock Database'!$Z$3:$Z$152,MATCH($A16,'Mock Database'!$C$3:$C$152,0)))) | J16: =IF(ISNA(MATCH($A16,'Mock Database'!$C$3:$C$152,0)),"",IF(ISBLANK(OFFSET('Mock Database'!$AE$2,MATCH($A16,'Mock Database'!$C$3:$C$152,0),0)),"",INDEX('Mock Database'!$AE$3:$AE$152,MATCH($A16,'Mock Database'!$C$3:$C$152,0)))) | K16: =IF(ISNA(MATCH($A16,'Mock Database'!$C$3:$C$152,0)),"",IF(ISBLANK(OFFSET('Mock Database'!$AF$2,MATCH($A16,'Mock Database'!$C$3:$C$152,0),0)),"",INDEX('Mock Database'!$AF$3:$AF$152,MATCH($A16,'Mock Database'!$C$3:$C$152,0)))) | N16: =IF($B16="",NA(),$B16) -> #N/A | O16: =IF($D16="",NA(),$D16) -> #N/A | P16: =IF($E16="",NA(),$E16) -> #N/A | Q16: =IF($F16="",NA(),$F16) -> #N/A | R16: =IF($G16="",NA(),$G16) -> #N/A | S16: =IF($H16="",NA(),$H16) -> #N/A | T16: =IF($I16="",NA(),$I16) -> #N/A | U16: =IF($J16="",NA(),$J16) -> #N/A | V16: =IF($K16="",NA(),$K16) -> #N/A | AM16: =IF($B16="",NA(),$A16) -> #N/A | AN16: =$U16 -> #N/A
A17: 16 | B17: =IFERROR(INDEX('Mock Database'!$D$3:$D$152,MATCH($A17,'Mock Database'!$C$3:$C$152,0)),"") | C17: =IFERROR(INDEX('Mock Database'!$I$3:$I$152,MATCH($A17,'Mock Database'!$C$3:$C$152,0)),"") | D17: =IF(ISNA(MATCH($A17,'Mock Database'!$C$3:$C$152,0)),"",IF(ISBLANK(OFFSET('Mock Database'!$M$2,MATCH($A17,'Mock Database'!$C$3:$C$152,0),0)),"",INDEX('Mock Database'!$M$3:$M$152,MATCH($A17,'Mock Database'!$C$3:$C$152,0)))) | E17: =IF(ISNA(MATCH($A17,'Mock Database'!$C$3:$C$152,0)),"",IF(ISBLANK(OFFSET('Mock Database'!$N$2,MATCH($A17,'Mock Database'!$C$3:$C$152,0),0)),"",INDEX('Mock Database'!$N$3:$N$152,MATCH($A17,'Mock Database'!$C$3:$C$152,0)))) | F17: =IF(ISNA(MATCH($A17,'Mock Database'!$C$3:$C$152,0)),"",IF(ISBLANK(OFFSET('Mock Database'!$S$2,MATCH($A17,'Mock Database'!$C$3:$C$152,0),0)),"",INDEX('Mock Database'!$S$3:$S$152,MATCH($A17,'Mock Database'!$C$3:$C$152,0)))) | G17: =IF(ISNA(MATCH($A17,'Mock Database'!$C$3:$C$152,0)),"",IF(ISBLANK(OFFSET('Mock Database'!$T$2,MATCH($A17,'Mock Database'!$C$3:$C$152,0),0)),"",INDEX('Mock Database'!$T$3:$T$152,MATCH($A17,'Mock Database'!$C$3:$C$152,0)))) | H17: =IF(ISNA(MATCH($A17,'Mock Database'!$C$3:$C$152,0)),"",IF(ISBLANK(OFFSET('Mock Database'!$Y$2,MATCH($A17,'Mock Database'!$C$3:$C$152,0),0)),"",INDEX('Mock Database'!$Y$3:$Y$152,MATCH($A17,'Mock Database'!$C$3:$C$152,0)))) | I17: =IF(ISNA(MATCH($A17,'Mock Database'!$C$3:$C$152,0)),"",IF(ISBLANK(OFFSET('Mock Database'!$Z$2,MATCH($A17,'Mock Database'!$C$3:$C$152,0),0)),"",INDEX('Mock Database'!$Z$3:$Z$152,MATCH($A17,'Mock Database'!$C$3:$C$152,0)))) | J17: =IF(ISNA(MATCH($A17,'Mock Database'!$C$3:$C$152,0)),"",IF(ISBLANK(OFFSET('Mock Database'!$AE$2,MATCH($A17,'Mock Database'!$C$3:$C$152,0),0)),"",INDEX('Mock Database'!$AE$3:$AE$152,MATCH($A17,'Mock Database'!$C$3:$C$152,0)))) | K17: =IF(ISNA(MATCH($A17,'Mock Database'!$C$3:$C$152,0)),"",IF(ISBLANK(OFFSET('Mock Database'!$AF$2,MATCH($A17,'Mock Database'!$C$3:$C$152,0),0)),"",INDEX('Mock Database'!$AF$3:$AF$152,MATCH($A17,'Mock Database'!$C$3:$C$152,0)))) | N17: =IF($B17="",NA(),$B17) -> #N/A | O17: =IF($D17="",NA(),$D17) -> #N/A | P17: =IF($E17="",NA(),$E17) -> #N/A | Q17: =IF($F17="",NA(),$F17) -> #N/A | R17: =IF($G17="",NA(),$G17) -> #N/A | S17: =IF($H17="",NA(),$H17) -> #N/A | T17: =IF($I17="",NA(),$I17) -> #N/A | U17: =IF($J17="",NA(),$J17) -> #N/A | V17: =IF($K17="",NA(),$K17) -> #N/A | AM17: =IF($B17="",NA(),$A17) -> #N/A | AN17: =$U17 -> #N/A
A18: 17 | B18: =IFERROR(INDEX('Mock Database'!$D$3:$D$152,MATCH($A18,'Mock Database'!$C$3:$C$152,0)),"") | C18: =IFERROR(INDEX('Mock Database'!$I$3:$I$152,MATCH($A18,'Mock Database'!$C$3:$C$152,0)),"") | D18: =IF(ISNA(MATCH($A18,'Mock Database'!$C$3:$C$152,0)),"",IF(ISBLANK(OFFSET('Mock Database'!$M$2,MATCH($A18,'Mock Database'!$C$3:$C$152,0),0)),"",INDEX('Mock Database'!$M$3:$M$152,MATCH($A18,'Mock Database'!$C$3:$C$152,0)))) | E18: =IF(ISNA(MATCH($A18,'Mock Database'!$C$3:$C$152,0)),"",IF(ISBLANK(OFFSET('Mock Database'!$N$2,MATCH($A18,'Mock Database'!$C$3:$C$152,0),0)),"",INDEX('Mock Database'!$N$3:$N$152,MATCH($A18,'Mock Database'!$C$3:$C$152,0)))) | F18: =IF(ISNA(MATCH($A18,'Mock Database'!$C$3:$C$152,0)),"",IF(ISBLANK(OFFSET('Mock Database'!$S$2,MATCH($A18,'Mock Database'!$C$3:$C$152,0),0)),"",INDEX('Mock Database'!$S$3:$S$152,MATCH($A18,'Mock Database'!$C$3:$C$152,0)))) | G18: =IF(ISNA(MATCH($A18,'Mock Database'!$C$3:$C$152,0)),"",IF(ISBLANK(OFFSET('Mock Database'!$T$2,MATCH($A18,'Mock Database'!$C$3:$C$152,0),0)),"",INDEX('Mock Database'!$T$3:$T$152,MATCH($A18,'Mock Database'!$C$3:$C$152,0)))) | H18: =IF(ISNA(MATCH($A18,'Mock Database'!$C$3:$C$152,0)),"",IF(ISBLANK(OFFSET('Mock Database'!$Y$2,MATCH($A18,'Mock Database'!$C$3:$C$152,0),0)),"",INDEX('Mock Database'!$Y$3:$Y$152,MATCH($A18,'Mock Database'!$C$3:$C$152,0)))) | I18: =IF(ISNA(MATCH($A18,'Mock Database'!$C$3:$C$152,0)),"",IF(ISBLANK(OFFSET('Mock Database'!$Z$2,MATCH($A18,'Mock Database'!$C$3:$C$152,0),0)),"",INDEX('Mock Database'!$Z$3:$Z$152,MATCH($A18,'Mock Database'!$C$3:$C$152,0)))) | J18: =IF(ISNA(MATCH($A18,'Mock Database'!$C$3:$C$152,0)),"",IF(ISBLANK(OFFSET('Mock Database'!$AE$2,MATCH($A18,'Mock Database'!$C$3:$C$152,0),0)),"",INDEX('Mock Database'!$AE$3:$AE$152,MATCH($A18,'Mock Database'!$C$3:$C$152,0)))) | K18: =IF(ISNA(MATCH($A18,'Mock Database'!$C$3:$C$152,0)),"",IF(ISBLANK(OFFSET('Mock Database'!$AF$2,MATCH($A18,'Mock Database'!$C$3:$C$152,0),0)),"",INDEX('Mock Database'!$AF$3:$AF$152,MATCH($A18,'Mock Database'!$C$3:$C$152,0)))) | N18: =IF($B18="",NA(),$B18) -> #N/A | O18: =IF($D18="",NA(),$D18) -> #N/A | P18: =IF($E18="",NA(),$E18) -> #N/A | Q18: =IF($F18="",NA(),$F18) -> #N/A | R18: =IF($G18="",NA(),$G18) -> #N/A | S18: =IF($H18="",NA(),$H18) -> #N/A | T18: =IF($I18="",NA(),$I18) -> #N/A | U18: =IF($J18="",NA(),$J18) -> #N/A | V18: =IF($K18="",NA(),$K18) -> #N/A | AM18: =IF($B18="",NA(),$A18) -> #N/A | AN18: =$U18 -> #N/A
A19: 18 | B19: =IFERROR(INDEX('Mock Database'!$D$3:$D$152,MATCH($A19,'Mock Database'!$C$3:$C$152,0)),"") | C19: =IFERROR(INDEX('Mock Database'!$I$3:$I$152,MATCH($A19,'Mock Database'!$C$3:$C$152,0)),"") | D19: =IF(ISNA(MATCH($A19,'Mock Database'!$C$3:$C$152,0)),"",IF(ISBLANK(OFFSET('Mock Database'!$M$2,MATCH($A19,'Mock Database'!$C$3:$C$152,0),0)),"",INDEX('Mock Database'!$M$3:$M$152,MATCH($A19,'Mock Database'!$C$3:$C$152,0)))) | E19: =IF(ISNA(MATCH($A19,'Mock Database'!$C$3:$C$152,0)),"",IF(ISBLANK(OFFSET('Mock Database'!$N$2,MATCH($A19,'Mock Database'!$C$3:$C$152,0),0)),"",INDEX('Mock Database'!$N$3:$N$152,MATCH($A19,'Mock Database'!$C$3:$C$152,0)))) | F19: =IF(ISNA(MATCH($A19,'Mock Database'!$C$3:$C$152,0)),"",IF(ISBLANK(OFFSET('Mock Database'!$S$2,MATCH($A19,'Mock Database'!$C$3:$C$152,0),0)),"",INDEX('Mock Database'!$S$3:$S$152,MATCH($A19,'Mock Database'!$C$3:$C$152,0)))) | G19: =IF(ISNA(MATCH($A19,'Mock Database'!$C$3:$C$152,0)),"",IF(ISBLANK(OFFSET('Mock Database'!$T$2,MATCH($A19,'Mock Database'!$C$3:$C$152,0),0)),"",INDEX('Mock Database'!$T$3:$T$152,MATCH($A19,'Mock Database'!$C$3:$C$152,0)))) | H19: =IF(ISNA(MATCH($A19,'Mock Database'!$C$3:$C$152,0)),"",IF(ISBLANK(OFFSET('Mock Database'!$Y$2,MATCH($A19,'Mock Database'!$C$3:$C$152,0),0)),"",INDEX('Mock Database'!$Y$3:$Y$152,MATCH($A19,'Mock Database'!$C$3:$C$152,0)))) | I19: =IF(ISNA(MATCH($A19,'Mock Database'!$C$3:$C$152,0)),"",IF(ISBLANK(OFFSET('Mock Database'!$Z$2,MATCH($A19,'Mock Database'!$C$3:$C$152,0),0)),"",INDEX('Mock Database'!$Z$3:$Z$152,MATCH($A19,'Mock Database'!$C$3:$C$152,0)))) | J19: =IF(ISNA(MATCH($A19,'Mock Database'!$C$3:$C$152,0)),"",IF(ISBLANK(OFFSET('Mock Database'!$AE$2,MATCH($A19,'Mock Database'!$C$3:$C$152,0),0)),"",INDEX('Mock Database'!$AE$3:$AE$152,MATCH($A19,'Mock Database'!$C$3:$C$152,0)))) | K19: =IF(ISNA(MATCH($A19,'Mock Database'!$C$3:$C$152,0)),"",IF(ISBLANK(OFFSET('Mock Database'!$AF$2,MATCH($A19,'Mock Database'!$C$3:$C$152,0),0)),"",INDEX('Mock Database'!$AF$3:$AF$152,MATCH($A19,'Mock Database'!$C$3:$C$152,0)))) | N19: =IF($B19="",NA(),$B19) -> #N/A | O19: =IF($D19="",NA(),$D19) -> #N/A | P19: =IF($E19="",NA(),$E19) -> #N/A | Q19: =IF($F19="",NA(),$F19) -> #N/A | R19: =IF($G19="",NA(),$G19) -> #N/A | S19: =IF($H19="",NA(),$H19) -> #N/A | T19: =IF($I19="",NA(),$I19) -> #N/A | U19: =IF($J19="",NA(),$J19) -> #N/A | V19: =IF($K19="",NA(),$K19) -> #N/A | AM19: =IF($B19="",NA(),$A19) -> #N/A | AN19: =$U19 -> #N/A
A20: 19 | B20: =IFERROR(INDEX('Mock Database'!$D$3:$D$152,MATCH($A20,'Mock Database'!$C$3:$C$152,0)),"") | C20: =IFERROR(INDEX('Mock Database'!$I$3:$I$152,MATCH($A20,'Mock Database'!$C$3:$C$152,0)),"") | D20: =IF(ISNA(MATCH($A20,'Mock Database'!$C$3:$C$152,0)),"",IF(ISBLANK(OFFSET('Mock Database'!$M$2,MATCH($A20,'Mock Database'!$C$3:$C$152,0),0)),"",INDEX('Mock Database'!$M$3:$M$152,MATCH($A20,'Mock Database'!$C$3:$C$152,0)))) | E20: =IF(ISNA(MATCH($A20,'Mock Database'!$C$3:$C$152,0)),"",IF(ISBLANK(OFFSET('Mock Database'!$N$2,MATCH($A20,'Mock Database'!$C$3:$C$152,0),0)),"",INDEX('Mock Database'!$N$3:$N$152,MATCH($A20,'Mock Database'!$C$3:$C$152,0)))) | F20: =IF(ISNA(MATCH($A20,'Mock Database'!$C$3:$C$152,0)),"",IF(ISBLANK(OFFSET('Mock Database'!$S$2,MATCH($A20,'Mock Database'!$C$3:$C$152,0),0)),"",INDEX('Mock Database'!$S$3:$S$152,MATCH($A20,'Mock Database'!$C$3:$C$152,0)))) | G20: =IF(ISNA(MATCH($A20,'Mock Database'!$C$3:$C$152,0)),"",IF(ISBLANK(OFFSET('Mock Database'!$T$2,MATCH($A20,'Mock Database'!$C$3:$C$152,0),0)),"",INDEX('Mock Database'!$T$3:$T$152,MATCH($A20,'Mock Database'!$C$3:$C$152,0)))) | H20: =IF(ISNA(MATCH($A20,'Mock Database'!$C$3:$C$152,0)),"",IF(ISBLANK(OFFSET('Mock Database'!$Y$2,MATCH($A20,'Mock Database'!$C$3:$C$152,0),0)),"",INDEX('Mock Database'!$Y$3:$Y$152,MATCH($A20,'Mock Database'!$C$3:$C$152,0)))) | I20: =IF(ISNA(MATCH($A20,'Mock Database'!$C$3:$C$152,0)),"",IF(ISBLANK(OFFSET('Mock Database'!$Z$2,MATCH($A20,'Mock Database'!$C$3:$C$152,0),0)),"",INDEX('Mock Database'!$Z$3:$Z$152,MATCH($A20,'Mock Database'!$C$3:$C$152,0)))) | J20: =IF(ISNA(MATCH($A20,'Mock Database'!$C$3:$C$152,0)),"",IF(ISBLANK(OFFSET('Mock Database'!$AE$2,MATCH($A20,'Mock Database'!$C$3:$C$152,0),0)),"",INDEX('Mock Database'!$AE$3:$AE$152,MATCH($A20,'Mock Database'!$C$3:$C$152,0)))) | K20: =IF(ISNA(MATCH($A20,'Mock Database'!$C$3:$C$152,0)),"",IF(ISBLANK(OFFSET('Mock Database'!$AF$2,MATCH($A20,'Mock Database'!$C$3:$C$152,0),0)),"",INDEX('Mock Database'!$AF$3:$AF$152,MATCH($A20,'Mock Database'!$C$3:$C$152,0)))) | N20: =IF($B20="",NA(),$B20) -> #N/A | O20: =IF($D20="",NA(),$D20) -> #N/A | P20: =IF($E20="",NA(),$E20) -> #N/A | Q20: =IF($F20="",NA(),$F20) -> #N/A | R20: =IF($G20="",NA(),$G20) -> #N/A | S20: =IF($H20="",NA(),$H20) -> #N/A | T20: =IF($I20="",NA(),$I20) -> #N/A | U20: =IF($J20="",NA(),$J20) -> #N/A | V20: =IF($K20="",NA(),$K20) -> #N/A | AM20: =IF($B20="",NA(),$A20) -> #N/A | AN20: =$U20 -> #N/A
A21: 20 | B21: =IFERROR(INDEX('Mock Database'!$D$3:$D$152,MATCH($A21,'Mock Database'!$C$3:$C$152,0)),"") | C21: =IFERROR(INDEX('Mock Database'!$I$3:$I$152,MATCH($A21,'Mock Database'!$C$3:$C$152,0)),"") | D21: =IF(ISNA(MATCH($A21,'Mock Database'!$C$3:$C$152,0)),"",IF(ISBLANK(OFFSET('Mock Database'!$M$2,MATCH($A21,'Mock Database'!$C$3:$C$152,0),0)),"",INDEX('Mock Database'!$M$3:$M$152,MATCH($A21,'Mock Database'!$C$3:$C$152,0)))) | E21: =IF(ISNA(MATCH($A21,'Mock Database'!$C$3:$C$152,0)),"",IF(ISBLANK(OFFSET('Mock Database'!$N$2,MATCH($A21,'Mock Database'!$C$3:$C$152,0),0)),"",INDEX('Mock Database'!$N$3:$N$152,MATCH($A21,'Mock Database'!$C$3:$C$152,0)))) | F21: =IF(ISNA(MATCH($A21,'Mock Database'!$C$3:$C$152,0)),"",IF(ISBLANK(OFFSET('Mock Database'!$S$2,MATCH($A21,'Mock Database'!$C$3:$C$152,0),0)),"",INDEX('Mock Database'!$S$3:$S$152,MATCH($A21,'Mock Database'!$C$3:$C$152,0)))) | G21: =IF(ISNA(MATCH($A21,'Mock Database'!$C$3:$C$152,0)),"",IF(ISBLANK(OFFSET('Mock Database'!$T$2,MATCH($A21,'Mock Database'!$C$3:$C$152,0),0)),"",INDEX('Mock Database'!$T$3:$T$152,MATCH($A21,'Mock Database'!$C$3:$C$152,0)))) | H21: =IF(ISNA(MATCH($A21,'Mock Database'!$C$3:$C$152,0)),"",IF(ISBLANK(OFFSET('Mock Database'!$Y$2,MATCH($A21,'Mock Database'!$C$3:$C$152,0),0)),"",INDEX('Mock Database'!$Y$3:$Y$152,MATCH($A21,'Mock Database'!$C$3:$C$152,0)))) | I21: =IF(ISNA(MATCH($A21,'Mock Database'!$C$3:$C$152,0)),"",IF(ISBLANK(OFFSET('Mock Database'!$Z$2,MATCH($A21,'Mock Database'!$C$3:$C$152,0),0)),"",INDEX('Mock Database'!$Z$3:$Z$152,MATCH($A21,'Mock Database'!$C$3:$C$152,0)))) | J21: =IF(ISNA(MATCH($A21,'Mock Database'!$C$3:$C$152,0)),"",IF(ISBLANK(OFFSET('Mock Database'!$AE$2,MATCH($A21,'Mock Database'!$C$3:$C$152,0),0)),"",INDEX('Mock Database'!$AE$3:$AE$152,MATCH($A21,'Mock Database'!$C$3:$C$152,0)))) | K21: =IF(ISNA(MATCH($A21,'Mock Database'!$C$3:$C$152,0)),"",IF(ISBLANK(OFFSET('Mock Database'!$AF$2,MATCH($A21,'Mock Database'!$C$3:$C$152,0),0)),"",INDEX('Mock Database'!$AF$3:$AF$152,MATCH($A21,'Mock Database'!$C$3:$C$152,0)))) | N21: =IF($B21="",NA(),$B21) -> #N/A | O21: =IF($D21="",NA(),$D21) -> #N/A | P21: =IF($E21="",NA(),$E21) -> #N/A | Q21: =IF($F21="",NA(),$F21) -> #N/A | R21: =IF($G21="",NA(),$G21) -> #N/A | S21: =IF($H21="",NA(),$H21) -> #N/A | T21: =IF($I21="",NA(),$I21) -> #N/A | U21: =IF($J21="",NA(),$J21) -> #N/A | V21: =IF($K21="",NA(),$K21) -> #N/A | AM21: =IF($B21="",NA(),$A21) -> #N/A | AN21: =$U21 -> #N/A
A22: 21 | B22: =IFERROR(INDEX('Mock Database'!$D$3:$D$152,MATCH($A22,'Mock Database'!$C$3:$C$152,0)),"") | C22: =IFERROR(INDEX('Mock Database'!$I$3:$I$152,MATCH($A22,'Mock Database'!$C$3:$C$152,0)),"") | D22: =IF(ISNA(MATCH($A22,'Mock Database'!$C$3:$C$152,0)),"",IF(ISBLANK(OFFSET('Mock Database'!$M$2,MATCH($A22,'Mock Database'!$C$3:$C$152,0),0)),"",INDEX('Mock Database'!$M$3:$M$152,MATCH($A22,'Mock Database'!$C$3:$C$152,0)))) | E22: =IF(ISNA(MATCH($A22,'Mock Database'!$C$3:$C$152,0)),"",IF(ISBLANK(OFFSET('Mock Database'!$N$2,MATCH($A22,'Mock Database'!$C$3:$C$152,0),0)),"",INDEX('Mock Database'!$N$3:$N$152,MATCH($A22,'Mock Database'!$C$3:$C$152,0)))) | F22: =IF(ISNA(MATCH($A22,'Mock Database'!$C$3:$C$152,0)),"",IF(ISBLANK(OFFSET('Mock Database'!$S$2,MATCH($A22,'Mock Database'!$C$3:$C$152,0),0)),"",INDEX('Mock Database'!$S$3:$S$152,MATCH($A22,'Mock Database'!$C$3:$C$152,0)))) | G22: =IF(ISNA(MATCH($A22,'Mock Database'!$C$3:$C$152,0)),"",IF(ISBLANK(OFFSET('Mock Database'!$T$2,MATCH($A22,'Mock Database'!$C$3:$C$152,0),0)),"",INDEX('Mock Database'!$T$3:$T$152,MATCH($A22,'Mock Database'!$C$3:$C$152,0)))) | H22: =IF(ISNA(MATCH($A22,'Mock Database'!$C$3:$C$152,0)),"",IF(ISBLANK(OFFSET('Mock Database'!$Y$2,MATCH($A22,'Mock Database'!$C$3:$C$152,0),0)),"",INDEX('Mock Database'!$Y$3:$Y$152,MATCH($A22,'Mock Database'!$C$3:$C$152,0)))) | I22: =IF(ISNA(MATCH($A22,'Mock Database'!$C$3:$C$152,0)),"",IF(ISBLANK(OFFSET('Mock Database'!$Z$2,MATCH($A22,'Mock Database'!$C$3:$C$152,0),0)),"",INDEX('Mock Database'!$Z$3:$Z$152,MATCH($A22,'Mock Database'!$C$3:$C$152,0)))) | J22: =IF(ISNA(MATCH($A22,'Mock Database'!$C$3:$C$152,0)),"",IF(ISBLANK(OFFSET('Mock Database'!$AE$2,MATCH($A22,'Mock Database'!$C$3:$C$152,0),0)),"",INDEX('Mock Database'!$AE$3:$AE$152,MATCH($A22,'Mock Database'!$C$3:$C$152,0)))) | K22: =IF(ISNA(MATCH($A22,'Mock Database'!$C$3:$C$152,0)),"",IF(ISBLANK(OFFSET('Mock Database'!$AF$2,MATCH($A22,'Mock Database'!$C$3:$C$152,0),0)),"",INDEX('Mock Database'!$AF$3:$AF$152,MATCH($A22,'Mock Database'!$C$3:$C$152,0)))) | N22: =IF($B22="",NA(),$B22) -> #N/A | O22: =IF($D22="",NA(),$D22) -> #N/A | P22: =IF($E22="",NA(),$E22) -> #N/A | Q22: =IF($F22="",NA(),$F22) -> #N/A | R22: =IF($G22="",NA(),$G22) -> #N/A | S22: =IF($H22="",NA(),$H22) -> #N/A | T22: =IF($I22="",NA(),$I22) -> #N/A | U22: =IF($J22="",NA(),$J22) -> #N/A | V22: =IF($K22="",NA(),$K22) -> #N/A | AM22: =IF($B22="",NA(),$A22) -> #N/A | AN22: =$U22 -> #N/A
A23: 22 | B23: =IFERROR(INDEX('Mock Database'!$D$3:$D$152,MATCH($A23,'Mock Database'!$C$3:$C$152,0)),"") | C23: =IFERROR(INDEX('Mock Database'!$I$3:$I$152,MATCH($A23,'Mock Database'!$C$3:$C$152,0)),"") | D23: =IF(ISNA(MATCH($A23,'Mock Database'!$C$3:$C$152,0)),"",IF(ISBLANK(OFFSET('Mock Database'!$M$2,MATCH($A23,'Mock Database'!$C$3:$C$152,0),0)),"",INDEX('Mock Database'!$M$3:$M$152,MATCH($A23,'Mock Database'!$C$3:$C$152,0)))) | E23: =IF(ISNA(MATCH($A23,'Mock Database'!$C$3:$C$152,0)),"",IF(ISBLANK(OFFSET('Mock Database'!$N$2,MATCH($A23,'Mock Database'!$C$3:$C$152,0),0)),"",INDEX('Mock Database'!$N$3:$N$152,MATCH($A23,'Mock Database'!$C$3:$C$152,0)))) | F23: =IF(ISNA(MATCH($A23,'Mock Database'!$C$3:$C$152,0)),"",IF(ISBLANK(OFFSET('Mock Database'!$S$2,MATCH($A23,'Mock Database'!$C$3:$C$152,0),0)),"",INDEX('Mock Database'!$S$3:$S$152,MATCH($A23,'Mock Database'!$C$3:$C$152,0)))) | G23: =IF(ISNA(MATCH($A23,'Mock Database'!$C$3:$C$152,0)),"",IF(ISBLANK(OFFSET('Mock Database'!$T$2,MATCH($A23,'Mock Database'!$C$3:$C$152,0),0)),"",INDEX('Mock Database'!$T$3:$T$152,MATCH($A23,'Mock Database'!$C$3:$C$152,0)))) | H23: =IF(ISNA(MATCH($A23,'Mock Database'!$C$3:$C$152,0)),"",IF(ISBLANK(OFFSET('Mock Database'!$Y$2,MATCH($A23,'Mock Database'!$C$3:$C$152,0),0)),"",INDEX('Mock Database'!$Y$3:$Y$152,MATCH($A23,'Mock Database'!$C$3:$C$152,0)))) | I23: =IF(ISNA(MATCH($A23,'Mock Database'!$C$3:$C$152,0)),"",IF(ISBLANK(OFFSET('Mock Database'!$Z$2,MATCH($A23,'Mock Database'!$C$3:$C$152,0),0)),"",INDEX('Mock Database'!$Z$3:$Z$152,MATCH($A23,'Mock Database'!$C$3:$C$152,0)))) | J23: =IF(ISNA(MATCH($A23,'Mock Database'!$C$3:$C$152,0)),"",IF(ISBLANK(OFFSET('Mock Database'!$AE$2,MATCH($A23,'Mock Database'!$C$3:$C$152,0),0)),"",INDEX('Mock Database'!$AE$3:$AE$152,MATCH($A23,'Mock Database'!$C$3:$C$152,0)))) | K23: =IF(ISNA(MATCH($A23,'Mock Database'!$C$3:$C$152,0)),"",IF(ISBLANK(OFFSET('Mock Database'!$AF$2,MATCH($A23,'Mock Database'!$C$3:$C$152,0),0)),"",INDEX('Mock Database'!$AF$3:$AF$152,MATCH($A23,'Mock Database'!$C$3:$C$152,0)))) | N23: =IF($B23="",NA(),$B23) -> #N/A | O23: =IF($D23="",NA(),$D23) -> #N/A | P23: =IF($E23="",NA(),$E23) -> #N/A | Q23: =IF($F23="",NA(),$F23) -> #N/A | R23: =IF($G23="",NA(),$G23) -> #N/A | S23: =IF($H23="",NA(),$H23) -> #N/A | T23: =IF($I23="",NA(),$I23) -> #N/A | U23: =IF($J23="",NA(),$J23) -> #N/A | V23: =IF($K23="",NA(),$K23) -> #N/A | AM23: =IF($B23="",NA(),$A23) -> #N/A | AN23: =$U23 -> #N/A
... A401: 400 | B401: =IFERROR(INDEX('Mock Database'!$D$3:$D$152,MATCH($A401,'Mock Database'!$C$3:$C$152,0)),"") | C401: =IFERROR(INDEX('Mock Database'!$I$3:$I$152,MATCH($A401,'Mock Database'!$C$3:$C$152,0)),"") | D401: =IF(ISNA(MATCH($A401,'Mock Database'!$C$3:$C$152,0)),"",IF(ISBLANK(OFFSET('Mock Database'!$M$2,MATCH($A401,'Mock Database'!$C$3:$C$152,0),0)),"",INDEX('Mock Database'!$M$3:$M$152,MATCH($A401,'Mock Database'!$C$3:$C$152,0)))) | E401: =IF(ISNA(MATCH($A401,'Mock Database'!$C$3:$C$152,0)),"",IF(ISBLANK(OFFSET('Mock Database'!$N$2,MATCH($A401,'Mock Database'!$C$3:$C$152,0),0)),"",INDEX('Mock Database'!$N$3:$N$152,MATCH($A401,'Mock Database'!$C$3:$C$152,0)))) | F401: =IF(ISNA(MATCH($A401,'Mock Database'!$C$3:$C$152,0)),"",IF(ISBLANK(OFFSET('Mock Database'!$S$2,MATCH($A401,'Mock Database'!$C$3:$C$152,0),0)),"",INDEX('Mock Database'!$S$3:$S$152,MATCH($A401,'Mock Database'!$C$3:$C$152,0)))) | G401: =IF(ISNA(MATCH($A401,'Mock Database'!$C$3:$C$152,0)),"",IF(ISBLANK(OFFSET('Mock Database'!$T$2,MATCH($A401,'Mock Database'!$C$3:$C$152,0),0)),"",INDEX('Mock Database'!$T$3:$T$152,MATCH($A401,'Mock Database'!$C$3:$C$152,0)))) | H401: =IF(ISNA(MATCH($A401,'Mock Database'!$C$3:$C$152,0)),"",IF(ISBLANK(OFFSET('Mock Database'!$Y$2,MATCH($A401,'Mock Database'!$C$3:$C$152,0),0)),"",INDEX('Mock Database'!$Y$3:$Y$152,MATCH($A401,'Mock Database'!$C$3:$C$152,0)))) | I401: =IF(ISNA(MATCH($A401,'Mock Database'!$C$3:$C$152,0)),"",IF(ISBLANK(OFFSET('Mock Database'!$Z$2,MATCH($A401,'Mock Database'!$C$3:$C$152,0),0)),"",INDEX('Mock Database'!$Z$3:$Z$152,MATCH($A401,'Mock Database'!$C$3:$C$152,0)))) | J401: =IF(ISNA(MATCH($A401,'Mock Database'!$C$3:$C$152,0)),"",IF(ISBLANK(OFFSET('Mock Database'!$AE$2,MATCH($A401,'Mock Database'!$C$3:$C$152,0),0)),"",INDEX('Mock Database'!$AE$3:$AE$152,MATCH($A401,'Mock Database'!$C$3:$C$152,0)))) | K401: =IF(ISNA(MATCH($A401,'Mock Database'!$C$3:$C$152,0)),"",IF(ISBLANK(OFFSET('Mock Database'!$AF$2,MATCH($A401,'Mock Database'!$C$3:$C$152,0),0)),"",INDEX('Mock Database'!$AF$3:$AF$152,MATCH($A401,'Mock Database'!$C$3:$C$152,0)))) | N401: =IF($B401="",NA(),$B401) -> #N/A | O401: =IF($D401="",NA(),$D401) -> #N/A | P401: =IF($E401="",NA(),$E401) -> #N/A | Q401: =IF($F401="",NA(),$F401) -> #N/A | R401: =IF($G401="",NA(),$G401) -> #N/A | S401: =IF($H401="",NA(),$H401) -> #N/A | T401: =IF($I401="",NA(),$I401) -> #N/A | U401: =IF($J401="",NA(),$J401) -> #N/A | V401: =IF($K401="",NA(),$K401) -> #N/A | AM401: =IF($B401="",NA(),$A401) -> #N/A | AN401: =$U401 -> #N/A
